all_star_id,player_id,player,team,season,lg,replaced,all_star
Scottie Barnes2026,barnesc01,Scottie Barnes,Team Stars,2026,NBA,FALSE,Yes
Devin Booker2026,bookede01,Devin Booker,Team Stars,2026,NBA,FALSE,Yes
Cade Cunningham2026,cunnica01,Cade Cunningham,Team Stars,2026,NBA,FALSE,Yes
Jalen Duren2026,durenja01,Jalen Duren,Team Stars,2026,NBA,FALSE,Yes
Anthony Edwards2026,edwaran01,Anthony Edwards,Team Stars,2026,NBA,FALSE,Yes
Chet Holmgren2026,holmgch01,Chet Holmgren,Team Stars,2026,NBA,FALSE,Yes
Jalen Johnson2026,johnsja05,Jalen Johnson,Team Stars,2026,NBA,FALSE,Yes
Tyrese Maxey2026,maxeyty01,Tyrese Maxey,Team Stars,2026,NBA,FALSE,Yes
Jaylen Brown2026,brownja02,Jaylen Brown,Team Stripes,2026,NBA,FALSE,Yes
Jalen Brunson2026,brunsja01,Jalen Brunson,Team Stripes,2026,NBA,FALSE,Yes
Stephen Curry2026,curryst01,Stephen Curry,Team Stripes,2026,NBA,TRUE,Yes
Kevin Durant2026,duranke01,Kevin Durant,Team Stripes,2026,NBA,FALSE,Yes
De'Aaron Fox2026,foxde01,De'Aaron Fox,Team Stripes,2026,NBA,FALSE,Yes
Brandon Ingram2026,ingrabr01,Brandon Ingram,Team Stripes,2026,NBA,FALSE,Yes
LeBron James2026,jamesle01,LeBron James,Team Stripes,2026,NBA,FALSE,Yes
Kawhi Leord2026,leoka01,Kawhi Leord,Team Stripes,2026,NBA,FALSE,Yes
Donovan Mitchell2026,mitchdo01,Donovan Mitchell,Team Stripes,2026,NBA,FALSE,Yes
Giannis Antetokounmpo2026,antetgi01,Giannis Antetokounmpo,Team World,2026,NBA,TRUE,Yes
Deni Avdija2026,avdijde01,Deni Avdija,Team World,2026,NBA,FALSE,Yes
Luka Dončić2026,doncilu01,Luka Dončić,Team World,2026,NBA,FALSE,Yes
Shai Gilgeous-Alexander2026,gilgesh01,Shai Gilgeous-Alexander,Team World,2026,NBA,TRUE,Yes
Nikola Jokić2026,jokicni01,Nikola Jokić,Team World,2026,NBA,FALSE,Yes
Jamal Murray2026,murraja01,Jamal Murray,Team World,2026,NBA,FALSE,Yes
Norman Powell2026,powelno01,Norman Powell,Team World,2026,NBA,FALSE,Yes
Alperen Şengün2026,sengual01,Alperen Şengün,Team World,2026,NBA,FALSE,Yes
Pascal Siakam2026,siakapa01,Pascal Siakam,Team World,2026,NBA,FALSE,Yes
Karl-Anthony Towns2026,townska01,Karl-Anthony Towns,Team World,2026,NBA,FALSE,Yes
Victor Wembanyama2026,wembavi01,Victor Wembanyama,Team World,2026,NBA,FALSE,Yes
Giannis Antetokounmpo2025,antetgi01,Giannis Antetokounmpo,Team Chuck,2025,NBA,TRUE,Yes
Shai Gilgeous-Alexander2025,gilgesh01,Shai Gilgeous-Alexander,Team Chuck,2025,NBA,FALSE,Yes
Nikola Jokić2025,jokicni01,Nikola Jokić,Team Chuck,2025,NBA,FALSE,Yes
Donovan Mitchell2025,mitchdo01,Donovan Mitchell,Team Chuck,2025,NBA,FALSE,Yes
Alperen Şengün2025,sengual01,Alperen Şengün,Team Chuck,2025,NBA,FALSE,Yes
Pascal Siakam2025,siakapa01,Pascal Siakam,Team Chuck,2025,NBA,FALSE,Yes
Karl-Anthony Towns2025,townska01,Karl-Anthony Towns,Team Chuck,2025,NBA,FALSE,Yes
Victor Wembanyama2025,wembavi01,Victor Wembanyama,Team Chuck,2025,NBA,FALSE,Yes
Trae Young2025,youngtr01,Trae Young,Team Chuck,2025,NBA,FALSE,Yes
Jalen Brunson2025,brunsja01,Jalen Brunson,Team Kenny,2025,NBA,FALSE,Yes
Cade Cunningham2025,cunnica01,Cade Cunningham,Team Kenny,2025,NBA,FALSE,Yes
Anthony Edwards2025,edwaran01,Anthony Edwards,Team Kenny,2025,NBA,TRUE,Yes
Darius Garland2025,garlada01,Darius Garland,Team Kenny,2025,NBA,FALSE,Yes
Tyler Herro2025,herroty01,Tyler Herro,Team Kenny,2025,NBA,FALSE,Yes
Jaren Jackson Jr.2025,jacksja02,Jaren Jackson Jr.,Team Kenny,2025,NBA,FALSE,Yes
Evan Mobley2025,mobleev01,Evan Mobley,Team Kenny,2025,NBA,FALSE,Yes
Jalen Williams2025,willija06,Jalen Williams,Team Kenny,2025,NBA,FALSE,Yes
Jaylen Brown2025,brownja02,Jaylen Brown,Team Shaq,2025,NBA,FALSE,Yes
Stephen Curry2025,curryst01,Stephen Curry,Team Shaq,2025,NBA,FALSE,Yes
Anthony Davis2025,davisan02,Anthony Davis,Team Shaq,2025,NBA,TRUE,Yes
Kevin Durant2025,duranke01,Kevin Durant,Team Shaq,2025,NBA,FALSE,Yes
James Harden2025,hardeja01,James Harden,Team Shaq,2025,NBA,FALSE,Yes
Kyrie Irving2025,irvinky01,Kyrie Irving,Team Shaq,2025,NBA,FALSE,Yes
LeBron James2025,jamesle01,LeBron James,Team Shaq,2025,NBA,TRUE,Yes
Damian Lillard2025,lillada01,Damian Lillard,Team Shaq,2025,NBA,FALSE,Yes
Jayson Tatum2025,tatumja01,Jayson Tatum,Team Shaq,2025,NBA,FALSE,Yes
Bam Adebayo2024,adebaba01,Bam Adebayo,East,2024,NBA,FALSE,Yes
Giannis Antetokounmpo2024,antetgi01,Giannis Antetokounmpo,East,2024,NBA,FALSE,Yes
Paolo Banchero2024,banchpa01,Paolo Banchero,East,2024,NBA,FALSE,Yes
Scottie Barnes2024,barnesc01,Scottie Barnes,East,2024,NBA,FALSE,Yes
Jaylen Brown2024,brownja02,Jaylen Brown,East,2024,NBA,FALSE,Yes
Jalen Brunson2024,brunsja01,Jalen Brunson,East,2024,NBA,FALSE,Yes
Joel Embiid2024,embiijo01,Joel Embiid,East,2024,NBA,TRUE,Yes
Tyrese Haliburton2024,halibty01,Tyrese Haliburton,East,2024,NBA,FALSE,Yes
Damian Lillard2024,lillada01,Damian Lillard,East,2024,NBA,FALSE,Yes
Tyrese Maxey2024,maxeyty01,Tyrese Maxey,East,2024,NBA,FALSE,Yes
Donovan Mitchell2024,mitchdo01,Donovan Mitchell,East,2024,NBA,FALSE,Yes
Julius Randle2024,randlju01,Julius Randle,East,2024,NBA,TRUE,Yes
Jayson Tatum2024,tatumja01,Jayson Tatum,East,2024,NBA,FALSE,Yes
Trae Young2024,youngtr01,Trae Young,East,2024,NBA,FALSE,Yes
Devin Booker2024,bookede01,Devin Booker,West,2024,NBA,FALSE,Yes
Stephen Curry2024,curryst01,Stephen Curry,West,2024,NBA,FALSE,Yes
Anthony Davis2024,davisan02,Anthony Davis,West,2024,NBA,FALSE,Yes
Luka Dončić2024,doncilu01,Luka Dončić,West,2024,NBA,FALSE,Yes
Kevin Durant2024,duranke01,Kevin Durant,West,2024,NBA,FALSE,Yes
Anthony Edwards2024,edwaran01,Anthony Edwards,West,2024,NBA,FALSE,Yes
Paul George2024,georgpa01,Paul George,West,2024,NBA,FALSE,Yes
Shai Gilgeous-Alexander2024,gilgesh01,Shai Gilgeous-Alexander,West,2024,NBA,FALSE,Yes
LeBron James2024,jamesle01,LeBron James,West,2024,NBA,FALSE,Yes
Nikola Jokić2024,jokicni01,Nikola Jokić,West,2024,NBA,FALSE,Yes
Kawhi Leord2024,leoka01,Kawhi Leord,West,2024,NBA,FALSE,Yes
Karl-Anthony Towns2024,townska01,Karl-Anthony Towns,West,2024,NBA,FALSE,Yes
Bam Adebayo2023,adebaba01,Bam Adebayo,Giannis,2023,NBA,FALSE,Yes
Giannis Antetokounmpo2023,antetgi01,Giannis Antetokounmpo,Giannis,2023,NBA,FALSE,Yes
DeMar DeRozan2023,derozde01,DeMar DeRozan,Giannis,2023,NBA,FALSE,Yes
Kevin Durant2023,duranke01,Kevin Durant,Giannis,2023,NBA,TRUE,Yes
Shai Gilgeous-Alexander2023,gilgesh01,Shai Gilgeous-Alexander,Giannis,2023,NBA,FALSE,Yes
Jrue Holiday2023,holidjr01,Jrue Holiday,Giannis,2023,NBA,FALSE,Yes
Damian Lillard2023,lillada01,Damian Lillard,Giannis,2023,NBA,FALSE,Yes
Lauri Markkanen2023,markkla01,Lauri Markkanen,Giannis,2023,NBA,FALSE,Yes
Donovan Mitchell2023,mitchdo01,Donovan Mitchell,Giannis,2023,NBA,FALSE,Yes
Ja Morant2023,moranja01,Ja Morant,Giannis,2023,NBA,FALSE,Yes
Domantas Sabonis2023,sabondo01,Domantas Sabonis,Giannis,2023,NBA,FALSE,Yes
Pascal Siakam2023,siakapa01,Pascal Siakam,Giannis,2023,NBA,FALSE,Yes
Jayson Tatum2023,tatumja01,Jayson Tatum,Giannis,2023,NBA,FALSE,Yes
Jaylen Brown2023,brownja02,Jaylen Brown,LeBron,2023,NBA,FALSE,Yes
Stephen Curry2023,curryst01,Stephen Curry,LeBron,2023,NBA,TRUE,Yes
Luka Dončić2023,doncilu01,Luka Dončić,LeBron,2023,NBA,FALSE,Yes
Anthony Edwards2023,edwaran01,Anthony Edwards,LeBron,2023,NBA,FALSE,Yes
Joel Embiid2023,embiijo01,Joel Embiid,LeBron,2023,NBA,FALSE,Yes
De'Aaron Fox2023,foxde01,De'Aaron Fox,LeBron,2023,NBA,FALSE,Yes
Paul George2023,georgpa01,Paul George,LeBron,2023,NBA,FALSE,Yes
Tyrese Haliburton2023,halibty01,Tyrese Haliburton,LeBron,2023,NBA,FALSE,Yes
Kyrie Irving2023,irvinky01,Kyrie Irving,LeBron,2023,NBA,FALSE,Yes
Jaren Jackson Jr.2023,jacksja02,Jaren Jackson Jr.,LeBron,2023,NBA,FALSE,Yes
LeBron James2023,jamesle01,LeBron James,LeBron,2023,NBA,FALSE,Yes
Nikola Jokić2023,jokicni01,Nikola Jokić,LeBron,2023,NBA,FALSE,Yes
Julius Randle2023,randlju01,Julius Randle,LeBron,2023,NBA,FALSE,Yes
Zion Williamson2023,willizi01,Zion Williamson,LeBron,2023,NBA,TRUE,Yes
LaMelo Ball2022,ballla01,LaMelo Ball,Team Durant,2022,NBA,FALSE,Yes
Devin Booker2022,bookede01,Devin Booker,Team Durant,2022,NBA,FALSE,Yes
Kevin Durant2022,duranke01,Kevin Durant,Team Durant,2022,NBA,TRUE,Yes
Joel Embiid2022,embiijo01,Joel Embiid,Team Durant,2022,NBA,FALSE,Yes
Rudy Gobert2022,goberru01,Rudy Gobert,Team Durant,2022,NBA,FALSE,Yes
Draymond Green2022,greendr01,Draymond Green,Team Durant,2022,NBA,TRUE,Yes
Zach LaVine2022,lavinza01,Zach LaVine,Team Durant,2022,NBA,FALSE,Yes
Khris Middleton2022,middlkh01,Khris Middleton,Team Durant,2022,NBA,FALSE,Yes
Ja Morant2022,moranja01,Ja Morant,Team Durant,2022,NBA,FALSE,Yes
Dejounte Murray2022,murrade01,Dejounte Murray,Team Durant,2022,NBA,FALSE,Yes
Jayson Tatum2022,tatumja01,Jayson Tatum,Team Durant,2022,NBA,FALSE,Yes
Karl-Anthony Towns2022,townska01,Karl-Anthony Towns,Team Durant,2022,NBA,FALSE,Yes
Andrew Wiggins2022,wiggian01,Andrew Wiggins,Team Durant,2022,NBA,FALSE,Yes
Trae Young2022,youngtr01,Trae Young,Team Durant,2022,NBA,FALSE,Yes
Jarrett Allen2022,allenja01,Jarrett Allen,Team LeBron,2022,NBA,FALSE,Yes
Giannis Antetokounmpo2022,antetgi01,Giannis Antetokounmpo,Team LeBron,2022,NBA,FALSE,Yes
Jimmy Butler2022,butleji01,Jimmy Butler,Team LeBron,2022,NBA,FALSE,Yes
Stephen Curry2022,curryst01,Stephen Curry,Team LeBron,2022,NBA,FALSE,Yes
DeMar DeRozan2022,derozde01,DeMar DeRozan,Team LeBron,2022,NBA,FALSE,Yes
Luka Dončić2022,doncilu01,Luka Dončić,Team LeBron,2022,NBA,FALSE,Yes
Darius Garland2022,garlada01,Darius Garland,Team LeBron,2022,NBA,FALSE,Yes
James Harden2022,hardeja01,James Harden,Team LeBron,2022,NBA,TRUE,Yes
LeBron James2022,jamesle01,LeBron James,Team LeBron,2022,NBA,FALSE,Yes
Nikola Jokić2022,jokicni01,Nikola Jokić,Team LeBron,2022,NBA,FALSE,Yes
Donovan Mitchell2022,mitchdo01,Donovan Mitchell,Team LeBron,2022,NBA,TRUE,Yes
Chris Paul2022,paulch01,Chris Paul,Team LeBron,2022,NBA,FALSE,Yes
Fred VanVleet2022,vanvlfr01,Fred VanVleet,Team LeBron,2022,NBA,FALSE,Yes
Bradley Beal2021,bealbr01,Bradley Beal,Team Durant,2021,NBA,FALSE,Yes
Devin Booker2021,bookede01,Devin Booker,Team Durant,2021,NBA,TRUE,Yes
Mike Conley2021,conlemi01,Mike Conley,Team Durant,2021,NBA,FALSE,Yes
Anthony Davis2021,davisan02,Anthony Davis,Team Durant,2021,NBA,TRUE,Yes
Kevin Durant2021,duranke01,Kevin Durant,Team Durant,2021,NBA,TRUE,Yes
Joel Embiid2021,embiijo01,Joel Embiid,Team Durant,2021,NBA,TRUE,Yes
James Harden2021,hardeja01,James Harden,Team Durant,2021,NBA,FALSE,Yes
Kyrie Irving2021,irvinky01,Kyrie Irving,Team Durant,2021,NBA,FALSE,Yes
Zach LaVine2021,lavinza01,Zach LaVine,Team Durant,2021,NBA,FALSE,Yes
Kawhi Leord2021,leoka01,Kawhi Leord,Team Durant,2021,NBA,FALSE,Yes
Donovan Mitchell2021,mitchdo01,Donovan Mitchell,Team Durant,2021,NBA,FALSE,Yes
Julius Randle2021,randlju01,Julius Randle,Team Durant,2021,NBA,FALSE,Yes
Jayson Tatum2021,tatumja01,Jayson Tatum,Team Durant,2021,NBA,FALSE,Yes
Nikola Vučević2021,vucevni01,Nikola Vučević,Team Durant,2021,NBA,FALSE,Yes
Zion Williamson2021,willizi01,Zion Williamson,Team Durant,2021,NBA,FALSE,Yes
Giannis Antetokounmpo2021,antetgi01,Giannis Antetokounmpo,Team LeBron,2021,NBA,FALSE,Yes
Jaylen Brown2021,brownja02,Jaylen Brown,Team LeBron,2021,NBA,FALSE,Yes
Stephen Curry2021,curryst01,Stephen Curry,Team LeBron,2021,NBA,FALSE,Yes
Luka Dončić2021,doncilu01,Luka Dončić,Team LeBron,2021,NBA,FALSE,Yes
Paul George2021,georgpa01,Paul George,Team LeBron,2021,NBA,FALSE,Yes
Rudy Gobert2021,goberru01,Rudy Gobert,Team LeBron,2021,NBA,FALSE,Yes
LeBron James2021,jamesle01,LeBron James,Team LeBron,2021,NBA,FALSE,Yes
Nikola Jokić2021,jokicni01,Nikola Jokić,Team LeBron,2021,NBA,FALSE,Yes
Damian Lillard2021,lillada01,Damian Lillard,Team LeBron,2021,NBA,FALSE,Yes
Chris Paul2021,paulch01,Chris Paul,Team LeBron,2021,NBA,FALSE,Yes
Domantas Sabonis2021,sabondo01,Domantas Sabonis,Team LeBron,2021,NBA,FALSE,Yes
Ben Simmons2021,simmobe01,Ben Simmons,Team LeBron,2021,NBA,TRUE,Yes
Bam Adebayo2020,adebaba01,Bam Adebayo,Team Giannis,2020,NBA,FALSE,Yes
Giannis Antetokounmpo2020,antetgi01,Giannis Antetokounmpo,Team Giannis,2020,NBA,FALSE,Yes
Jimmy Butler2020,butleji01,Jimmy Butler,Team Giannis,2020,NBA,FALSE,Yes
Joel Embiid2020,embiijo01,Joel Embiid,Team Giannis,2020,NBA,FALSE,Yes
Rudy Gobert2020,goberru01,Rudy Gobert,Team Giannis,2020,NBA,FALSE,Yes
Brandon Ingram2020,ingrabr01,Brandon Ingram,Team Giannis,2020,NBA,FALSE,Yes
Kyle Lowry2020,lowryky01,Kyle Lowry,Team Giannis,2020,NBA,FALSE,Yes
Khris Middleton2020,middlkh01,Khris Middleton,Team Giannis,2020,NBA,FALSE,Yes
Donovan Mitchell2020,mitchdo01,Donovan Mitchell,Team Giannis,2020,NBA,FALSE,Yes
Pascal Siakam2020,siakapa01,Pascal Siakam,Team Giannis,2020,NBA,FALSE,Yes
Kemba Walker2020,walkeke02,Kemba Walker,Team Giannis,2020,NBA,FALSE,Yes
Trae Young2020,youngtr01,Trae Young,Team Giannis,2020,NBA,FALSE,Yes
Devin Booker2020,bookede01,Devin Booker,Team LeBron,2020,NBA,FALSE,Yes
Anthony Davis2020,davisan02,Anthony Davis,Team LeBron,2020,NBA,FALSE,Yes
Luka Dončić2020,doncilu01,Luka Dončić,Team LeBron,2020,NBA,FALSE,Yes
James Harden2020,hardeja01,James Harden,Team LeBron,2020,NBA,FALSE,Yes
LeBron James2020,jamesle01,LeBron James,Team LeBron,2020,NBA,FALSE,Yes
Nikola Jokić2020,jokicni01,Nikola Jokić,Team LeBron,2020,NBA,FALSE,Yes
Kawhi Leord2020,leoka01,Kawhi Leord,Team LeBron,2020,NBA,FALSE,Yes
Damian Lillard2020,lillada01,Damian Lillard,Team LeBron,2020,NBA,TRUE,Yes
Chris Paul2020,paulch01,Chris Paul,Team LeBron,2020,NBA,FALSE,Yes
Domantas Sabonis2020,sabondo01,Domantas Sabonis,Team LeBron,2020,NBA,FALSE,Yes
Ben Simmons2020,simmobe01,Ben Simmons,Team LeBron,2020,NBA,FALSE,Yes
Jayson Tatum2020,tatumja01,Jayson Tatum,Team LeBron,2020,NBA,FALSE,Yes
Russell Westbrook2020,westbru01,Russell Westbrook,Team LeBron,2020,NBA,FALSE,Yes
Giannis Antetokounmpo2019,antetgi01,Giannis Antetokounmpo,Team Giannis,2019,NBA,FALSE,Yes
Stephen Curry2019,curryst01,Stephen Curry,Team Giannis,2019,NBA,FALSE,Yes
Joel Embiid2019,embiijo01,Joel Embiid,Team Giannis,2019,NBA,FALSE,Yes
Paul George2019,georgpa01,Paul George,Team Giannis,2019,NBA,FALSE,Yes
Blake Griffin2019,griffbl01,Blake Griffin,Team Giannis,2019,NBA,FALSE,Yes
Nikola Jokić2019,jokicni01,Nikola Jokić,Team Giannis,2019,NBA,FALSE,Yes
Kyle Lowry2019,lowryky01,Kyle Lowry,Team Giannis,2019,NBA,FALSE,Yes
Khris Middleton2019,middlkh01,Khris Middleton,Team Giannis,2019,NBA,FALSE,Yes
Dirk Nowitzki2019,nowitdi01,Dirk Nowitzki,Team Giannis,2019,NBA,FALSE,Yes
Victor Oladipo2019,oladivi01,Victor Oladipo,Team Giannis,2019,NBA,TRUE,Yes
D'Angelo Russell2019,russeda01,D'Angelo Russell,Team Giannis,2019,NBA,FALSE,Yes
Nikola Vučević2019,vucevni01,Nikola Vučević,Team Giannis,2019,NBA,FALSE,Yes
Kemba Walker2019,walkeke02,Kemba Walker,Team Giannis,2019,NBA,FALSE,Yes
Russell Westbrook2019,westbru01,Russell Westbrook,Team Giannis,2019,NBA,FALSE,Yes
LaMarcus Aldridge2019,aldrila01,LaMarcus Aldridge,Team LeBron,2019,NBA,FALSE,Yes
Bradley Beal2019,bealbr01,Bradley Beal,Team LeBron,2019,NBA,FALSE,Yes
Anthony Davis2019,davisan02,Anthony Davis,Team LeBron,2019,NBA,FALSE,Yes
Kevin Durant2019,duranke01,Kevin Durant,Team LeBron,2019,NBA,FALSE,Yes
James Harden2019,hardeja01,James Harden,Team LeBron,2019,NBA,FALSE,Yes
Kyrie Irving2019,irvinky01,Kyrie Irving,Team LeBron,2019,NBA,FALSE,Yes
LeBron James2019,jamesle01,LeBron James,Team LeBron,2019,NBA,FALSE,Yes
Kawhi Leord2019,leoka01,Kawhi Leord,Team LeBron,2019,NBA,FALSE,Yes
Damian Lillard2019,lillada01,Damian Lillard,Team LeBron,2019,NBA,FALSE,Yes
Ben Simmons2019,simmobe01,Ben Simmons,Team LeBron,2019,NBA,FALSE,Yes
Klay Thompson2019,thompkl01,Klay Thompson,Team LeBron,2019,NBA,FALSE,Yes
Karl-Anthony Towns2019,townska01,Karl-Anthony Towns,Team LeBron,2019,NBA,FALSE,Yes
Dwyane Wade2019,wadedw01,Dwyane Wade,Team LeBron,2019,NBA,FALSE,Yes
LaMarcus Aldridge2018,aldrila01,LaMarcus Aldridge,Team LeBron,2018,NBA,FALSE,Yes
Bradley Beal2018,bealbr01,Bradley Beal,Team LeBron,2018,NBA,FALSE,Yes
DeMarcus Cousins2018,couside01,DeMarcus Cousins,Team LeBron,2018,NBA,TRUE,Yes
Anthony Davis2018,davisan02,Anthony Davis,Team LeBron,2018,NBA,FALSE,Yes
Goran Dragić2018,dragigo01,Goran Dragić,Team LeBron,2018,NBA,FALSE,Yes
Andre Drummond2018,drumman01,Andre Drummond,Team LeBron,2018,NBA,FALSE,Yes
Kevin Durant2018,duranke01,Kevin Durant,Team LeBron,2018,NBA,FALSE,Yes
Paul George2018,georgpa01,Paul George,Team LeBron,2018,NBA,FALSE,Yes
Kyrie Irving2018,irvinky01,Kyrie Irving,Team LeBron,2018,NBA,FALSE,Yes
LeBron James2018,jamesle01,LeBron James,Team LeBron,2018,NBA,FALSE,Yes
Kevin Love2018,loveke01,Kevin Love,Team LeBron,2018,NBA,TRUE,Yes
Victor Oladipo2018,oladivi01,Victor Oladipo,Team LeBron,2018,NBA,FALSE,Yes
Kristaps Porziņģis2018,porzikr01,Kristaps Porziņģis,Team LeBron,2018,NBA,TRUE,Yes
Kemba Walker2018,walkeke02,Kemba Walker,Team LeBron,2018,NBA,FALSE,Yes
John Wall2018,walljo01,John Wall,Team LeBron,2018,NBA,TRUE,Yes
Russell Westbrook2018,westbru01,Russell Westbrook,Team LeBron,2018,NBA,FALSE,Yes
Giannis Antetokounmpo2018,antetgi01,Giannis Antetokounmpo,Team Stephen,2018,NBA,FALSE,Yes
Jimmy Butler2018,butleji01,Jimmy Butler,Team Stephen,2018,NBA,TRUE,Yes
Stephen Curry2018,curryst01,Stephen Curry,Team Stephen,2018,NBA,FALSE,Yes
DeMar DeRozan2018,derozde01,DeMar DeRozan,Team Stephen,2018,NBA,FALSE,Yes
Joel Embiid2018,embiijo01,Joel Embiid,Team Stephen,2018,NBA,FALSE,Yes
Draymond Green2018,greendr01,Draymond Green,Team Stephen,2018,NBA,FALSE,Yes
James Harden2018,hardeja01,James Harden,Team Stephen,2018,NBA,FALSE,Yes
Al Horford2018,horfoal01,Al Horford,Team Stephen,2018,NBA,FALSE,Yes
Damian Lillard2018,lillada01,Damian Lillard,Team Stephen,2018,NBA,FALSE,Yes
Kyle Lowry2018,lowryky01,Kyle Lowry,Team Stephen,2018,NBA,FALSE,Yes
Klay Thompson2018,thompkl01,Klay Thompson,Team Stephen,2018,NBA,FALSE,Yes
Karl-Anthony Towns2018,townska01,Karl-Anthony Towns,Team Stephen,2018,NBA,FALSE,Yes
Giannis Antetokounmpo2017,antetgi01,Giannis Antetokounmpo,East,2017,NBA,FALSE,Yes
Carmelo Anthony2017,anthoca01,Carmelo Anthony,East,2017,NBA,FALSE,Yes
Jimmy Butler2017,butleji01,Jimmy Butler,East,2017,NBA,FALSE,Yes
DeMar DeRozan2017,derozde01,DeMar DeRozan,East,2017,NBA,FALSE,Yes
Paul George2017,georgpa01,Paul George,East,2017,NBA,FALSE,Yes
Kyrie Irving2017,irvinky01,Kyrie Irving,East,2017,NBA,FALSE,Yes
LeBron James2017,jamesle01,LeBron James,East,2017,NBA,FALSE,Yes
Kevin Love2017,loveke01,Kevin Love,East,2017,NBA,TRUE,Yes
Kyle Lowry2017,lowryky01,Kyle Lowry,East,2017,NBA,FALSE,Yes
Paul Millsap2017,millspa01,Paul Millsap,East,2017,NBA,FALSE,Yes
Isaiah Thomas2017,thomais02,Isaiah Thomas,East,2017,NBA,FALSE,Yes
Kemba Walker2017,walkeke02,Kemba Walker,East,2017,NBA,FALSE,Yes
John Wall2017,walljo01,John Wall,East,2017,NBA,FALSE,Yes
DeMarcus Cousins2017,couside01,DeMarcus Cousins,West,2017,NBA,FALSE,Yes
Stephen Curry2017,curryst01,Stephen Curry,West,2017,NBA,FALSE,Yes
Anthony Davis2017,davisan02,Anthony Davis,West,2017,NBA,FALSE,Yes
Kevin Durant2017,duranke01,Kevin Durant,West,2017,NBA,FALSE,Yes
Marc Gasol2017,gasolma01,Marc Gasol,West,2017,NBA,FALSE,Yes
Draymond Green2017,greendr01,Draymond Green,West,2017,NBA,FALSE,Yes
James Harden2017,hardeja01,James Harden,West,2017,NBA,FALSE,Yes
Gordon Hayward2017,haywago01,Gordon Hayward,West,2017,NBA,FALSE,Yes
DeAndre Jordan2017,jordade01,DeAndre Jordan,West,2017,NBA,FALSE,Yes
Kawhi Leord2017,leoka01,Kawhi Leord,West,2017,NBA,FALSE,Yes
Klay Thompson2017,thompkl01,Klay Thompson,West,2017,NBA,FALSE,Yes
Russell Westbrook2017,westbru01,Russell Westbrook,West,2017,NBA,FALSE,Yes
Carmelo Anthony2016,anthoca01,Carmelo Anthony,East,2016,NBA,FALSE,Yes
Chris Bosh2016,boshch01,Chris Bosh,East,2016,NBA,TRUE,Yes
Jimmy Butler2016,butleji01,Jimmy Butler,East,2016,NBA,TRUE,Yes
DeMar DeRozan2016,derozde01,DeMar DeRozan,East,2016,NBA,FALSE,Yes
Andre Drummond2016,drumman01,Andre Drummond,East,2016,NBA,FALSE,Yes
Pau Gasol2016,gasolpa01,Pau Gasol,East,2016,NBA,FALSE,Yes
Paul George2016,georgpa01,Paul George,East,2016,NBA,FALSE,Yes
Al Horford2016,horfoal01,Al Horford,East,2016,NBA,FALSE,Yes
LeBron James2016,jamesle01,LeBron James,East,2016,NBA,FALSE,Yes
Kyle Lowry2016,lowryky01,Kyle Lowry,East,2016,NBA,FALSE,Yes
Paul Millsap2016,millspa01,Paul Millsap,East,2016,NBA,FALSE,Yes
Isaiah Thomas2016,thomais02,Isaiah Thomas,East,2016,NBA,FALSE,Yes
Dwyane Wade2016,wadedw01,Dwyane Wade,East,2016,NBA,FALSE,Yes
John Wall2016,walljo01,John Wall,East,2016,NBA,FALSE,Yes
LaMarcus Aldridge2016,aldrila01,LaMarcus Aldridge,West,2016,NBA,FALSE,Yes
Kobe Bryant2016,bryanko01,Kobe Bryant,West,2016,NBA,FALSE,Yes
DeMarcus Cousins2016,couside01,DeMarcus Cousins,West,2016,NBA,FALSE,Yes
Stephen Curry2016,curryst01,Stephen Curry,West,2016,NBA,FALSE,Yes
Anthony Davis2016,davisan02,Anthony Davis,West,2016,NBA,FALSE,Yes
Kevin Durant2016,duranke01,Kevin Durant,West,2016,NBA,FALSE,Yes
Draymond Green2016,greendr01,Draymond Green,West,2016,NBA,FALSE,Yes
James Harden2016,hardeja01,James Harden,West,2016,NBA,FALSE,Yes
Kawhi Leord2016,leoka01,Kawhi Leord,West,2016,NBA,FALSE,Yes
Chris Paul2016,paulch01,Chris Paul,West,2016,NBA,FALSE,Yes
Klay Thompson2016,thompkl01,Klay Thompson,West,2016,NBA,FALSE,Yes
Russell Westbrook2016,westbru01,Russell Westbrook,West,2016,NBA,FALSE,Yes
Carmelo Anthony2015,anthoca01,Carmelo Anthony,East,2015,NBA,FALSE,Yes
Chris Bosh2015,boshch01,Chris Bosh,East,2015,NBA,FALSE,Yes
Jimmy Butler2015,butleji01,Jimmy Butler,East,2015,NBA,FALSE,Yes
Pau Gasol2015,gasolpa01,Pau Gasol,East,2015,NBA,FALSE,Yes
Al Horford2015,horfoal01,Al Horford,East,2015,NBA,FALSE,Yes
Kyrie Irving2015,irvinky01,Kyrie Irving,East,2015,NBA,FALSE,Yes
LeBron James2015,jamesle01,LeBron James,East,2015,NBA,FALSE,Yes
Kyle Korver2015,korveky01,Kyle Korver,East,2015,NBA,FALSE,Yes
Kyle Lowry2015,lowryky01,Kyle Lowry,East,2015,NBA,FALSE,Yes
Paul Millsap2015,millspa01,Paul Millsap,East,2015,NBA,FALSE,Yes
Jeff Teague2015,teaguje01,Jeff Teague,East,2015,NBA,FALSE,Yes
Dwyane Wade2015,wadedw01,Dwyane Wade,East,2015,NBA,TRUE,Yes
John Wall2015,walljo01,John Wall,East,2015,NBA,FALSE,Yes
LaMarcus Aldridge2015,aldrila01,LaMarcus Aldridge,West,2015,NBA,FALSE,Yes
Kobe Bryant2015,bryanko01,Kobe Bryant,West,2015,NBA,TRUE,Yes
DeMarcus Cousins2015,couside01,DeMarcus Cousins,West,2015,NBA,FALSE,Yes
Stephen Curry2015,curryst01,Stephen Curry,West,2015,NBA,FALSE,Yes
Anthony Davis2015,davisan02,Anthony Davis,West,2015,NBA,TRUE,Yes
Tim Duncan2015,duncati01,Tim Duncan,West,2015,NBA,FALSE,Yes
Kevin Durant2015,duranke01,Kevin Durant,West,2015,NBA,FALSE,Yes
Marc Gasol2015,gasolma01,Marc Gasol,West,2015,NBA,FALSE,Yes
Blake Griffin2015,griffbl01,Blake Griffin,West,2015,NBA,TRUE,Yes
James Harden2015,hardeja01,James Harden,West,2015,NBA,FALSE,Yes
Damian Lillard2015,lillada01,Damian Lillard,West,2015,NBA,FALSE,Yes
Dirk Nowitzki2015,nowitdi01,Dirk Nowitzki,West,2015,NBA,FALSE,Yes
Chris Paul2015,paulch01,Chris Paul,West,2015,NBA,FALSE,Yes
Klay Thompson2015,thompkl01,Klay Thompson,West,2015,NBA,FALSE,Yes
Russell Westbrook2015,westbru01,Russell Westbrook,West,2015,NBA,FALSE,Yes
Carmelo Anthony2014,anthoca01,Carmelo Anthony,East,2014,NBA,FALSE,Yes
Chris Bosh2014,boshch01,Chris Bosh,East,2014,NBA,FALSE,Yes
DeMar DeRozan2014,derozde01,DeMar DeRozan,East,2014,NBA,FALSE,Yes
Paul George2014,georgpa01,Paul George,East,2014,NBA,FALSE,Yes
Roy Hibbert2014,hibbero01,Roy Hibbert,East,2014,NBA,FALSE,Yes
Kyrie Irving2014,irvinky01,Kyrie Irving,East,2014,NBA,FALSE,Yes
LeBron James2014,jamesle01,LeBron James,East,2014,NBA,FALSE,Yes
Joe Johnson2014,johnsjo02,Joe Johnson,East,2014,NBA,FALSE,Yes
Paul Millsap2014,millspa01,Paul Millsap,East,2014,NBA,FALSE,Yes
Joakim Noah2014,noahjo01,Joakim Noah,East,2014,NBA,FALSE,Yes
Dwyane Wade2014,wadedw01,Dwyane Wade,East,2014,NBA,FALSE,Yes
John Wall2014,walljo01,John Wall,East,2014,NBA,FALSE,Yes
LaMarcus Aldridge2014,aldrila01,LaMarcus Aldridge,West,2014,NBA,FALSE,Yes
Kobe Bryant2014,bryanko01,Kobe Bryant,West,2014,NBA,TRUE,Yes
Stephen Curry2014,curryst01,Stephen Curry,West,2014,NBA,FALSE,Yes
Anthony Davis2014,davisan02,Anthony Davis,West,2014,NBA,FALSE,Yes
Kevin Durant2014,duranke01,Kevin Durant,West,2014,NBA,FALSE,Yes
Blake Griffin2014,griffbl01,Blake Griffin,West,2014,NBA,FALSE,Yes
James Harden2014,hardeja01,James Harden,West,2014,NBA,FALSE,Yes
Dwight Howard2014,howardw01,Dwight Howard,West,2014,NBA,FALSE,Yes
Damian Lillard2014,lillada01,Damian Lillard,West,2014,NBA,FALSE,Yes
Kevin Love2014,loveke01,Kevin Love,West,2014,NBA,FALSE,Yes
Dirk Nowitzki2014,nowitdi01,Dirk Nowitzki,West,2014,NBA,FALSE,Yes
Tony Parker2014,parketo01,Tony Parker,West,2014,NBA,FALSE,Yes
Chris Paul2014,paulch01,Chris Paul,West,2014,NBA,FALSE,Yes
Carmelo Anthony2013,anthoca01,Carmelo Anthony,East,2013,NBA,FALSE,Yes
Chris Bosh2013,boshch01,Chris Bosh,East,2013,NBA,FALSE,Yes
Tyson Chandler2013,chandty01,Tyson Chandler,East,2013,NBA,FALSE,Yes
Luol Deng2013,denglu01,Luol Deng,East,2013,NBA,FALSE,Yes
Kevin Garnett2013,garneke01,Kevin Garnett,East,2013,NBA,FALSE,Yes
Paul George2013,georgpa01,Paul George,East,2013,NBA,FALSE,Yes
Jrue Holiday2013,holidjr01,Jrue Holiday,East,2013,NBA,FALSE,Yes
Kyrie Irving2013,irvinky01,Kyrie Irving,East,2013,NBA,FALSE,Yes
LeBron James2013,jamesle01,LeBron James,East,2013,NBA,FALSE,Yes
Brook Lopez2013,lopezbr01,Brook Lopez,East,2013,NBA,TRUE,Yes
Joakim Noah2013,noahjo01,Joakim Noah,East,2013,NBA,FALSE,Yes
Rajon Rondo2013,rondora01,Rajon Rondo,East,2013,NBA,TRUE,Yes
Dwyane Wade2013,wadedw01,Dwyane Wade,East,2013,NBA,FALSE,Yes
LaMarcus Aldridge2013,aldrila01,LaMarcus Aldridge,West,2013,NBA,FALSE,Yes
Kobe Bryant2013,bryanko01,Kobe Bryant,West,2013,NBA,FALSE,Yes
Tim Duncan2013,duncati01,Tim Duncan,West,2013,NBA,FALSE,Yes
Kevin Durant2013,duranke01,Kevin Durant,West,2013,NBA,FALSE,Yes
Blake Griffin2013,griffbl01,Blake Griffin,West,2013,NBA,FALSE,Yes
James Harden2013,hardeja01,James Harden,West,2013,NBA,FALSE,Yes
Dwight Howard2013,howardw01,Dwight Howard,West,2013,NBA,FALSE,Yes
David Lee2013,leeda02,David Lee,West,2013,NBA,FALSE,Yes
Tony Parker2013,parketo01,Tony Parker,West,2013,NBA,FALSE,Yes
Chris Paul2013,paulch01,Chris Paul,West,2013,NBA,FALSE,Yes
Zach Randolph2013,randoza01,Zach Randolph,West,2013,NBA,FALSE,Yes
Russell Westbrook2013,westbru01,Russell Westbrook,West,2013,NBA,FALSE,Yes
Carmelo Anthony2012,anthoca01,Carmelo Anthony,East,2012,NBA,FALSE,Yes
Chris Bosh2012,boshch01,Chris Bosh,East,2012,NBA,FALSE,Yes
Luol Deng2012,denglu01,Luol Deng,East,2012,NBA,FALSE,Yes
Roy Hibbert2012,hibbero01,Roy Hibbert,East,2012,NBA,FALSE,Yes
Dwight Howard2012,howardw01,Dwight Howard,East,2012,NBA,FALSE,Yes
Andre Iguodala2012,iguodan01,Andre Iguodala,East,2012,NBA,FALSE,Yes
LeBron James2012,jamesle01,LeBron James,East,2012,NBA,FALSE,Yes
Joe Johnson2012,johnsjo02,Joe Johnson,East,2012,NBA,TRUE,Yes
Paul Pierce2012,piercpa01,Paul Pierce,East,2012,NBA,FALSE,Yes
Rajon Rondo2012,rondora01,Rajon Rondo,East,2012,NBA,TRUE,Yes
Derrick Rose2012,rosede01,Derrick Rose,East,2012,NBA,FALSE,Yes
Dwyane Wade2012,wadedw01,Dwyane Wade,East,2012,NBA,FALSE,Yes
Deron Williams2012,willide01,Deron Williams,East,2012,NBA,FALSE,Yes
LaMarcus Aldridge2012,aldrila01,LaMarcus Aldridge,West,2012,NBA,FALSE,Yes
Kobe Bryant2012,bryanko01,Kobe Bryant,West,2012,NBA,FALSE,Yes
Andrew Bynum2012,bynuman01,Andrew Bynum,West,2012,NBA,FALSE,Yes
Kevin Durant2012,duranke01,Kevin Durant,West,2012,NBA,FALSE,Yes
Marc Gasol2012,gasolma01,Marc Gasol,West,2012,NBA,FALSE,Yes
Blake Griffin2012,griffbl01,Blake Griffin,West,2012,NBA,FALSE,Yes
Kevin Love2012,loveke01,Kevin Love,West,2012,NBA,FALSE,Yes
Steve sh2012,shst01,Steve sh,West,2012,NBA,FALSE,Yes
Dirk Nowitzki2012,nowitdi01,Dirk Nowitzki,West,2012,NBA,FALSE,Yes
Tony Parker2012,parketo01,Tony Parker,West,2012,NBA,FALSE,Yes
Chris Paul2012,paulch01,Chris Paul,West,2012,NBA,FALSE,Yes
Russell Westbrook2012,westbru01,Russell Westbrook,West,2012,NBA,FALSE,Yes
Ray Allen2011,allenra02,Ray Allen,East,2011,NBA,FALSE,Yes
Chris Bosh2011,boshch01,Chris Bosh,East,2011,NBA,FALSE,Yes
Kevin Garnett2011,garneke01,Kevin Garnett,East,2011,NBA,FALSE,Yes
Al Horford2011,horfoal01,Al Horford,East,2011,NBA,FALSE,Yes
Dwight Howard2011,howardw01,Dwight Howard,East,2011,NBA,FALSE,Yes
LeBron James2011,jamesle01,LeBron James,East,2011,NBA,FALSE,Yes
Joe Johnson2011,johnsjo02,Joe Johnson,East,2011,NBA,FALSE,Yes
Paul Pierce2011,piercpa01,Paul Pierce,East,2011,NBA,FALSE,Yes
Rajon Rondo2011,rondora01,Rajon Rondo,East,2011,NBA,FALSE,Yes
Derrick Rose2011,rosede01,Derrick Rose,East,2011,NBA,FALSE,Yes
Amar'e Stoudemire2011,stoudam01,Amar'e Stoudemire,East,2011,NBA,FALSE,Yes
Dwyane Wade2011,wadedw01,Dwyane Wade,East,2011,NBA,FALSE,Yes
Carmelo Anthony2011,anthoca01,Carmelo Anthony,West,2011,NBA,FALSE,Yes
Kobe Bryant2011,bryanko01,Kobe Bryant,West,2011,NBA,FALSE,Yes
Tim Duncan2011,duncati01,Tim Duncan,West,2011,NBA,FALSE,Yes
Kevin Durant2011,duranke01,Kevin Durant,West,2011,NBA,FALSE,Yes
Pau Gasol2011,gasolpa01,Pau Gasol,West,2011,NBA,FALSE,Yes
Manu Ginóbili2011,ginobma01,Manu Ginóbili,West,2011,NBA,FALSE,Yes
Blake Griffin2011,griffbl01,Blake Griffin,West,2011,NBA,FALSE,Yes
Kevin Love2011,loveke01,Kevin Love,West,2011,NBA,TRUE,Yes
Yao Ming2011,mingya01,Yao Ming,West,2011,NBA,TRUE,Yes
Dirk Nowitzki2011,nowitdi01,Dirk Nowitzki,West,2011,NBA,FALSE,Yes
Chris Paul2011,paulch01,Chris Paul,West,2011,NBA,FALSE,Yes
Russell Westbrook2011,westbru01,Russell Westbrook,West,2011,NBA,FALSE,Yes
Deron Williams2011,willide01,Deron Williams,West,2011,NBA,FALSE,Yes
Chris Bosh2010,boshch01,Chris Bosh,East,2010,NBA,FALSE,Yes
Kevin Garnett2010,garneke01,Kevin Garnett,East,2010,NBA,FALSE,Yes
Al Horford2010,horfoal01,Al Horford,East,2010,NBA,FALSE,Yes
Dwight Howard2010,howardw01,Dwight Howard,East,2010,NBA,FALSE,Yes
Allen Iverson2010,iversal01,Allen Iverson,East,2010,NBA,TRUE,Yes
LeBron James2010,jamesle01,LeBron James,East,2010,NBA,FALSE,Yes
Joe Johnson2010,johnsjo02,Joe Johnson,East,2010,NBA,FALSE,Yes
David Lee2010,leeda02,David Lee,East,2010,NBA,TRUE,Yes
Paul Pierce2010,piercpa01,Paul Pierce,East,2010,NBA,FALSE,Yes
Rajon Rondo2010,rondora01,Rajon Rondo,East,2010,NBA,FALSE,Yes
Derrick Rose2010,rosede01,Derrick Rose,East,2010,NBA,FALSE,Yes
Dwyane Wade2010,wadedw01,Dwyane Wade,East,2010,NBA,FALSE,Yes
Gerald Wallace2010,wallage01,Gerald Wallace,East,2010,NBA,FALSE,Yes
Carmelo Anthony2010,anthoca01,Carmelo Anthony,West,2010,NBA,FALSE,Yes
Chauncey Billups2010,billuch01,Chauncey Billups,West,2010,NBA,TRUE,Yes
Kobe Bryant2010,bryanko01,Kobe Bryant,West,2010,NBA,TRUE,Yes
Tim Duncan2010,duncati01,Tim Duncan,West,2010,NBA,FALSE,Yes
Kevin Durant2010,duranke01,Kevin Durant,West,2010,NBA,FALSE,Yes
Pau Gasol2010,gasolpa01,Pau Gasol,West,2010,NBA,FALSE,Yes
Chris Kaman2010,kamanch01,Chris Kaman,West,2010,NBA,TRUE,Yes
Jason Kidd2010,kiddja01,Jason Kidd,West,2010,NBA,TRUE,Yes
Steve sh2010,shst01,Steve sh,West,2010,NBA,FALSE,Yes
Dirk Nowitzki2010,nowitdi01,Dirk Nowitzki,West,2010,NBA,FALSE,Yes
Chris Paul2010,paulch01,Chris Paul,West,2010,NBA,TRUE,Yes
Zach Randolph2010,randoza01,Zach Randolph,West,2010,NBA,FALSE,Yes
Brandon Roy2010,roybr01,Brandon Roy,West,2010,NBA,TRUE,Yes
Amar'e Stoudemire2010,stoudam01,Amar'e Stoudemire,West,2010,NBA,FALSE,Yes
Deron Williams2010,willide01,Deron Williams,West,2010,NBA,FALSE,Yes
Ray Allen2009,allenra02,Ray Allen,East,2009,NBA,FALSE,Yes
Chris Bosh2009,boshch01,Chris Bosh,East,2009,NBA,TRUE,Yes
Kevin Garnett2009,garneke01,Kevin Garnett,East,2009,NBA,FALSE,Yes
Danny Granger2009,grangda01,Danny Granger,East,2009,NBA,FALSE,Yes
Devin Harris2009,harride01,Devin Harris,East,2009,NBA,FALSE,Yes
Dwight Howard2009,howardw01,Dwight Howard,East,2009,NBA,FALSE,Yes
Allen Iverson2009,iversal01,Allen Iverson,East,2009,NBA,FALSE,Yes
LeBron James2009,jamesle01,LeBron James,East,2009,NBA,FALSE,Yes
Joe Johnson2009,johnsjo02,Joe Johnson,East,2009,NBA,FALSE,Yes
Rashard Lewis2009,lewisra02,Rashard Lewis,East,2009,NBA,FALSE,Yes
Jameer Nelson2009,nelsoja01,Jameer Nelson,East,2009,NBA,TRUE,Yes
Paul Pierce2009,piercpa01,Paul Pierce,East,2009,NBA,FALSE,Yes
Dwyane Wade2009,wadedw01,Dwyane Wade,East,2009,NBA,FALSE,Yes
Mo Williams2009,willima01,Mo Williams,East,2009,NBA,TRUE,Yes
Chauncey Billups2009,billuch01,Chauncey Billups,West,2009,NBA,FALSE,Yes
Kobe Bryant2009,bryanko01,Kobe Bryant,West,2009,NBA,FALSE,Yes
Tim Duncan2009,duncati01,Tim Duncan,West,2009,NBA,FALSE,Yes
Pau Gasol2009,gasolpa01,Pau Gasol,West,2009,NBA,FALSE,Yes
Yao Ming2009,mingya01,Yao Ming,West,2009,NBA,FALSE,Yes
Dirk Nowitzki2009,nowitdi01,Dirk Nowitzki,West,2009,NBA,FALSE,Yes
Shaquille O'Neal2009,onealsh01,Shaquille O'Neal,West,2009,NBA,FALSE,Yes
Tony Parker2009,parketo01,Tony Parker,West,2009,NBA,FALSE,Yes
Chris Paul2009,paulch01,Chris Paul,West,2009,NBA,FALSE,Yes
Brandon Roy2009,roybr01,Brandon Roy,West,2009,NBA,FALSE,Yes
Amar'e Stoudemire2009,stoudam01,Amar'e Stoudemire,West,2009,NBA,FALSE,Yes
David West2009,westda01,David West,West,2009,NBA,FALSE,Yes
Ray Allen2008,allenra02,Ray Allen,East,2008,NBA,TRUE,Yes
Chauncey Billups2008,billuch01,Chauncey Billups,East,2008,NBA,FALSE,Yes
Chris Bosh2008,boshch01,Chris Bosh,East,2008,NBA,FALSE,Yes
Caron Butler2008,butleca01,Caron Butler,East,2008,NBA,TRUE,Yes
Kevin Garnett2008,garneke01,Kevin Garnett,East,2008,NBA,TRUE,Yes
Richard Hamilton2008,hamilri01,Richard Hamilton,East,2008,NBA,FALSE,Yes
Dwight Howard2008,howardw01,Dwight Howard,East,2008,NBA,FALSE,Yes
LeBron James2008,jamesle01,LeBron James,East,2008,NBA,FALSE,Yes
Antawn Jamison2008,jamisan01,Antawn Jamison,East,2008,NBA,FALSE,Yes
Joe Johnson2008,johnsjo02,Joe Johnson,East,2008,NBA,FALSE,Yes
Jason Kidd2008,kiddja01,Jason Kidd,East,2008,NBA,FALSE,Yes
Paul Pierce2008,piercpa01,Paul Pierce,East,2008,NBA,FALSE,Yes
Dwyane Wade2008,wadedw01,Dwyane Wade,East,2008,NBA,FALSE,Yes
Rasheed Wallace2008,wallara01,Rasheed Wallace,East,2008,NBA,TRUE,Yes
Carmelo Anthony2008,anthoca01,Carmelo Anthony,West,2008,NBA,FALSE,Yes
Carlos Boozer2008,boozeca01,Carlos Boozer,West,2008,NBA,FALSE,Yes
Kobe Bryant2008,bryanko01,Kobe Bryant,West,2008,NBA,FALSE,Yes
Tim Duncan2008,duncati01,Tim Duncan,West,2008,NBA,FALSE,Yes
Allen Iverson2008,iversal01,Allen Iverson,West,2008,NBA,FALSE,Yes
Yao Ming2008,mingya01,Yao Ming,West,2008,NBA,FALSE,Yes
Steve sh2008,shst01,Steve sh,West,2008,NBA,FALSE,Yes
Dirk Nowitzki2008,nowitdi01,Dirk Nowitzki,West,2008,NBA,FALSE,Yes
Chris Paul2008,paulch01,Chris Paul,West,2008,NBA,FALSE,Yes
Brandon Roy2008,roybr01,Brandon Roy,West,2008,NBA,FALSE,Yes
Amar'e Stoudemire2008,stoudam01,Amar'e Stoudemire,West,2008,NBA,FALSE,Yes
David West2008,westda01,David West,West,2008,NBA,FALSE,Yes
Gilbert Ares2007,aregi01,Gilbert Ares,East,2007,NBA,FALSE,Yes
Chauncey Billups2007,billuch01,Chauncey Billups,East,2007,NBA,FALSE,Yes
Chris Bosh2007,boshch01,Chris Bosh,East,2007,NBA,FALSE,Yes
Caron Butler2007,butleca01,Caron Butler,East,2007,NBA,FALSE,Yes
Vince Carter2007,cartevi01,Vince Carter,East,2007,NBA,FALSE,Yes
Richard Hamilton2007,hamilri01,Richard Hamilton,East,2007,NBA,FALSE,Yes
Dwight Howard2007,howardw01,Dwight Howard,East,2007,NBA,FALSE,Yes
LeBron James2007,jamesle01,LeBron James,East,2007,NBA,FALSE,Yes
Joe Johnson2007,johnsjo02,Joe Johnson,East,2007,NBA,TRUE,Yes
Jason Kidd2007,kiddja01,Jason Kidd,East,2007,NBA,TRUE,Yes
Jermaine O'Neal2007,onealje01,Jermaine O'Neal,East,2007,NBA,FALSE,Yes
Shaquille O'Neal2007,onealsh01,Shaquille O'Neal,East,2007,NBA,FALSE,Yes
Dwyane Wade2007,wadedw01,Dwyane Wade,East,2007,NBA,FALSE,Yes
Ray Allen2007,allenra02,Ray Allen,West,2007,NBA,TRUE,Yes
Carmelo Anthony2007,anthoca01,Carmelo Anthony,West,2007,NBA,TRUE,Yes
Carlos Boozer2007,boozeca01,Carlos Boozer,West,2007,NBA,TRUE,Yes
Kobe Bryant2007,bryanko01,Kobe Bryant,West,2007,NBA,FALSE,Yes
Tim Duncan2007,duncati01,Tim Duncan,West,2007,NBA,FALSE,Yes
Kevin Garnett2007,garneke01,Kevin Garnett,West,2007,NBA,FALSE,Yes
Josh Howard2007,howarjo01,Josh Howard,West,2007,NBA,TRUE,Yes
Allen Iverson2007,iversal01,Allen Iverson,West,2007,NBA,TRUE,Yes
Shawn Marion2007,mariosh01,Shawn Marion,West,2007,NBA,FALSE,Yes
Tracy McGrady2007,mcgratr01,Tracy McGrady,West,2007,NBA,FALSE,Yes
Yao Ming2007,mingya01,Yao Ming,West,2007,NBA,TRUE,Yes
Steve sh2007,shst01,Steve sh,West,2007,NBA,TRUE,Yes
Dirk Nowitzki2007,nowitdi01,Dirk Nowitzki,West,2007,NBA,FALSE,Yes
Mehmet Okur 2007,okurme01,Mehmet Okur ,West,2007,NBA,TRUE,Yes
Tony Parker2007,parketo01,Tony Parker,West,2007,NBA,FALSE,Yes
Amar'e Stoudemire2007,stoudam01,Amar'e Stoudemire,West,2007,NBA,FALSE,Yes
Gilbert Ares2006,aregi01,Gilbert Ares,East,2006,NBA,TRUE,Yes
Chauncey Billups2006,billuch01,Chauncey Billups,East,2006,NBA,FALSE,Yes
Chris Bosh2006,boshch01,Chris Bosh,East,2006,NBA,FALSE,Yes
Vince Carter2006,cartevi01,Vince Carter,East,2006,NBA,FALSE,Yes
Richard Hamilton2006,hamilri01,Richard Hamilton,East,2006,NBA,FALSE,Yes
Allen Iverson2006,iversal01,Allen Iverson,East,2006,NBA,FALSE,Yes
LeBron James2006,jamesle01,LeBron James,East,2006,NBA,FALSE,Yes
Jermaine O'Neal2006,onealje01,Jermaine O'Neal,East,2006,NBA,TRUE,Yes
Shaquille O'Neal2006,onealsh01,Shaquille O'Neal,East,2006,NBA,FALSE,Yes
Paul Pierce2006,piercpa01,Paul Pierce,East,2006,NBA,FALSE,Yes
Dwyane Wade2006,wadedw01,Dwyane Wade,East,2006,NBA,FALSE,Yes
Ben Wallace2006,wallabe01,Ben Wallace,East,2006,NBA,FALSE,Yes
Rasheed Wallace2006,wallara01,Rasheed Wallace,East,2006,NBA,FALSE,Yes
Ray Allen2006,allenra02,Ray Allen,West,2006,NBA,FALSE,Yes
Elton Brand2006,brandel01,Elton Brand,West,2006,NBA,FALSE,Yes
Kobe Bryant2006,bryanko01,Kobe Bryant,West,2006,NBA,FALSE,Yes
Tim Duncan2006,duncati01,Tim Duncan,West,2006,NBA,FALSE,Yes
Kevin Garnett2006,garneke01,Kevin Garnett,West,2006,NBA,FALSE,Yes
Pau Gasol2006,gasolpa01,Pau Gasol,West,2006,NBA,FALSE,Yes
Shawn Marion2006,mariosh01,Shawn Marion,West,2006,NBA,FALSE,Yes
Tracy McGrady2006,mcgratr01,Tracy McGrady,West,2006,NBA,FALSE,Yes
Yao Ming2006,mingya01,Yao Ming,West,2006,NBA,FALSE,Yes
Steve sh2006,shst01,Steve sh,West,2006,NBA,FALSE,Yes
Dirk Nowitzki2006,nowitdi01,Dirk Nowitzki,West,2006,NBA,FALSE,Yes
Tony Parker2006,parketo01,Tony Parker,West,2006,NBA,FALSE,Yes
Gilbert Ares2005,aregi01,Gilbert Ares,East,2005,NBA,FALSE,Yes
Vince Carter2005,cartevi01,Vince Carter,East,2005,NBA,FALSE,Yes
Grant Hill2005,hillgr01,Grant Hill,East,2005,NBA,FALSE,Yes
Zydrus Ilgauskas2005,ilgauzy01,Zydrus Ilgauskas,East,2005,NBA,FALSE,Yes
Allen Iverson2005,iversal01,Allen Iverson,East,2005,NBA,FALSE,Yes
LeBron James2005,jamesle01,LeBron James,East,2005,NBA,FALSE,Yes
Antawn Jamison2005,jamisan01,Antawn Jamison,East,2005,NBA,FALSE,Yes
Jermaine O'Neal2005,onealje01,Jermaine O'Neal,East,2005,NBA,FALSE,Yes
Shaquille O'Neal2005,onealsh01,Shaquille O'Neal,East,2005,NBA,FALSE,Yes
Paul Pierce2005,piercpa01,Paul Pierce,East,2005,NBA,FALSE,Yes
Dwyane Wade2005,wadedw01,Dwyane Wade,East,2005,NBA,FALSE,Yes
Ben Wallace2005,wallabe01,Ben Wallace,East,2005,NBA,FALSE,Yes
Ray Allen2005,allenra02,Ray Allen,West,2005,NBA,FALSE,Yes
Kobe Bryant2005,bryanko01,Kobe Bryant,West,2005,NBA,FALSE,Yes
Tim Duncan2005,duncati01,Tim Duncan,West,2005,NBA,FALSE,Yes
Kevin Garnett2005,garneke01,Kevin Garnett,West,2005,NBA,FALSE,Yes
Manu Ginóbili2005,ginobma01,Manu Ginóbili,West,2005,NBA,FALSE,Yes
Rashard Lewis2005,lewisra02,Rashard Lewis,West,2005,NBA,FALSE,Yes
Shawn Marion2005,mariosh01,Shawn Marion,West,2005,NBA,FALSE,Yes
Tracy McGrady2005,mcgratr01,Tracy McGrady,West,2005,NBA,FALSE,Yes
Yao Ming2005,mingya01,Yao Ming,West,2005,NBA,FALSE,Yes
Steve sh2005,shst01,Steve sh,West,2005,NBA,FALSE,Yes
Dirk Nowitzki2005,nowitdi01,Dirk Nowitzki,West,2005,NBA,FALSE,Yes
Amar'e Stoudemire2005,stoudam01,Amar'e Stoudemire,West,2005,NBA,FALSE,Yes
Metta World Peace2004,artesro01,Metta World Peace,East,2004,NBA,FALSE,Yes
Vince Carter2004,cartevi01,Vince Carter,East,2004,NBA,FALSE,Yes
Baron Davis2004,davisba01,Baron Davis,East,2004,NBA,FALSE,Yes
Allen Iverson2004,iversal01,Allen Iverson,East,2004,NBA,FALSE,Yes
Jason Kidd2004,kiddja01,Jason Kidd,East,2004,NBA,FALSE,Yes
Jamaal Magloire2004,magloja01,Jamaal Magloire,East,2004,NBA,FALSE,Yes
Kenyon Martin2004,martike01,Kenyon Martin,East,2004,NBA,FALSE,Yes
Tracy McGrady2004,mcgratr01,Tracy McGrady,East,2004,NBA,FALSE,Yes
Jermaine O'Neal2004,onealje01,Jermaine O'Neal,East,2004,NBA,FALSE,Yes
Paul Pierce2004,piercpa01,Paul Pierce,East,2004,NBA,FALSE,Yes
Michael Redd2004,reddmi01,Michael Redd,East,2004,NBA,FALSE,Yes
Ben Wallace2004,wallabe01,Ben Wallace,East,2004,NBA,FALSE,Yes
Ray Allen2004,allenra02,Ray Allen,West,2004,NBA,FALSE,Yes
Kobe Bryant2004,bryanko01,Kobe Bryant,West,2004,NBA,FALSE,Yes
Sam Cassell2004,cassesa01,Sam Cassell,West,2004,NBA,FALSE,Yes
Tim Duncan2004,duncati01,Tim Duncan,West,2004,NBA,FALSE,Yes
Steve Francis2004,francst01,Steve Francis,West,2004,NBA,FALSE,Yes
Kevin Garnett2004,garneke01,Kevin Garnett,West,2004,NBA,FALSE,Yes
Andrei Kirilenko2004,kirilan01,Andrei Kirilenko,West,2004,NBA,FALSE,Yes
Brad Miller2004,millebr01,Brad Miller,West,2004,NBA,FALSE,Yes
Yao Ming2004,mingya01,Yao Ming,West,2004,NBA,FALSE,Yes
Dirk Nowitzki2004,nowitdi01,Dirk Nowitzki,West,2004,NBA,FALSE,Yes
Shaquille O'Neal2004,onealsh01,Shaquille O'Neal,West,2004,NBA,FALSE,Yes
Peja Stojaković2004,stojape01,Peja Stojaković,West,2004,NBA,FALSE,Yes
Vince Carter2003,cartevi01,Vince Carter,East,2003,NBA,FALSE,Yes
Zydrus Ilgauskas2003,ilgauzy01,Zydrus Ilgauskas,East,2003,NBA,FALSE,Yes
Allen Iverson2003,iversal01,Allen Iverson,East,2003,NBA,FALSE,Yes
Michael Jordan2003,jordami01,Michael Jordan,East,2003,NBA,FALSE,Yes
Jason Kidd2003,kiddja01,Jason Kidd,East,2003,NBA,FALSE,Yes
Jamal Mashburn2003,mashbja01,Jamal Mashburn,East,2003,NBA,FALSE,Yes
Tracy McGrady2003,mcgratr01,Tracy McGrady,East,2003,NBA,FALSE,Yes
Brad Miller2003,millebr01,Brad Miller,East,2003,NBA,FALSE,Yes
Jermaine O'Neal2003,onealje01,Jermaine O'Neal,East,2003,NBA,FALSE,Yes
Paul Pierce2003,piercpa01,Paul Pierce,East,2003,NBA,FALSE,Yes
Antoine Walker2003,walkean02,Antoine Walker,East,2003,NBA,FALSE,Yes
Ben Wallace2003,wallabe01,Ben Wallace,East,2003,NBA,FALSE,Yes
Kobe Bryant2003,bryanko01,Kobe Bryant,West,2003,NBA,FALSE,Yes
Tim Duncan2003,duncati01,Tim Duncan,West,2003,NBA,FALSE,Yes
Steve Francis2003,francst01,Steve Francis,West,2003,NBA,FALSE,Yes
Kevin Garnett2003,garneke01,Kevin Garnett,West,2003,NBA,FALSE,Yes
Stephon Marbury2003,marbust01,Stephon Marbury,West,2003,NBA,FALSE,Yes
Shawn Marion2003,mariosh01,Shawn Marion,West,2003,NBA,FALSE,Yes
Yao Ming2003,mingya01,Yao Ming,West,2003,NBA,FALSE,Yes
Steve sh2003,shst01,Steve sh,West,2003,NBA,FALSE,Yes
Dirk Nowitzki2003,nowitdi01,Dirk Nowitzki,West,2003,NBA,FALSE,Yes
Shaquille O'Neal2003,onealsh01,Shaquille O'Neal,West,2003,NBA,FALSE,Yes
Gary Payton2003,paytoga01,Gary Payton,West,2003,NBA,FALSE,Yes
Peja Stojaković2003,stojape01,Peja Stojaković,West,2003,NBA,TRUE,Yes
Chris Webber2003,webbech01,Chris Webber,West,2003,NBA,TRUE,Yes
Shareef Abdur-Rahim2002,abdursh01,Shareef Abdur-Rahim,East,2002,NBA,FALSE,Yes
Ray Allen2002,allenra02,Ray Allen,East,2002,NBA,FALSE,Yes
Vince Carter2002,cartevi01,Vince Carter,East,2002,NBA,TRUE,Yes
Baron Davis2002,davisba01,Baron Davis,East,2002,NBA,TRUE,Yes
Allen Iverson2002,iversal01,Allen Iverson,East,2002,NBA,FALSE,Yes
Michael Jordan2002,jordami01,Michael Jordan,East,2002,NBA,FALSE,Yes
Jason Kidd2002,kiddja01,Jason Kidd,East,2002,NBA,FALSE,Yes
Tracy McGrady2002,mcgratr01,Tracy McGrady,East,2002,NBA,FALSE,Yes
Alonzo Mourning2002,mourl01,Alonzo Mourning,East,2002,NBA,FALSE,Yes
Dikembe Mutombo2002,mutomdi01,Dikembe Mutombo,East,2002,NBA,FALSE,Yes
Jermaine O'Neal2002,onealje01,Jermaine O'Neal,East,2002,NBA,FALSE,Yes
Paul Pierce2002,piercpa01,Paul Pierce,East,2002,NBA,FALSE,Yes
Antoine Walker2002,walkean02,Antoine Walker,East,2002,NBA,FALSE,Yes
Elton Brand2002,brandel01,Elton Brand,West,2002,NBA,TRUE,Yes
Kobe Bryant2002,bryanko01,Kobe Bryant,West,2002,NBA,FALSE,Yes
Tim Duncan2002,duncati01,Tim Duncan,West,2002,NBA,FALSE,Yes
Steve Francis2002,francst01,Steve Francis,West,2002,NBA,FALSE,Yes
Kevin Garnett2002,garneke01,Kevin Garnett,West,2002,NBA,FALSE,Yes
Karl Malone2002,malonka01,Karl Malone,West,2002,NBA,TRUE,Yes
Steve sh2002,shst01,Steve sh,West,2002,NBA,FALSE,Yes
Dirk Nowitzki2002,nowitdi01,Dirk Nowitzki,West,2002,NBA,FALSE,Yes
Shaquille O'Neal2002,onealsh01,Shaquille O'Neal,West,2002,NBA,TRUE,Yes
Gary Payton2002,paytoga01,Gary Payton,West,2002,NBA,FALSE,Yes
Peja Stojaković2002,stojape01,Peja Stojaković,West,2002,NBA,FALSE,Yes
Wally Szczerbiak2002,szczewa02,Wally Szczerbiak,West,2002,NBA,FALSE,Yes
Chris Webber2002,webbech01,Chris Webber,West,2002,NBA,FALSE,Yes
Ray Allen2001,allenra02,Ray Allen,East,2001,NBA,FALSE,Yes
Vince Carter2001,cartevi01,Vince Carter,East,2001,NBA,FALSE,Yes
Antonio Davis2001,davisan01,Antonio Davis,East,2001,NBA,TRUE,Yes
Grant Hill2001,hillgr01,Grant Hill,East,2001,NBA,TRUE,Yes
Allan Houston2001,houstal01,Allan Houston,East,2001,NBA,FALSE,Yes
Allen Iverson2001,iversal01,Allen Iverson,East,2001,NBA,FALSE,Yes
Stephon Marbury2001,marbust01,Stephon Marbury,East,2001,NBA,FALSE,Yes
Anthony Mason2001,mason01,Anthony Mason,East,2001,NBA,FALSE,Yes
Tracy McGrady2001,mcgratr01,Tracy McGrady,East,2001,NBA,FALSE,Yes
Alonzo Mourning2001,mourl01,Alonzo Mourning,East,2001,NBA,TRUE,Yes
Dikembe Mutombo2001,mutomdi01,Dikembe Mutombo,East,2001,NBA,TRUE,Yes
Theo Ratliff2001,ratlith01,Theo Ratliff,East,2001,NBA,TRUE,Yes
Glenn Robinson2001,robingl01,Glenn Robinson,East,2001,NBA,FALSE,Yes
Latrell Sprewell2001,sprewla01,Latrell Sprewell,East,2001,NBA,TRUE,Yes
Jerry Stackhouse2001,stackje01,Jerry Stackhouse,East,2001,NBA,FALSE,Yes
Kobe Bryant2001,bryanko01,Kobe Bryant,West,2001,NBA,FALSE,Yes
Vlade Divac2001,divacvl01,Vlade Divac,West,2001,NBA,TRUE,Yes
Tim Duncan2001,duncati01,Tim Duncan,West,2001,NBA,FALSE,Yes
Michael Finley2001,finlemi01,Michael Finley,West,2001,NBA,FALSE,Yes
Kevin Garnett2001,garneke01,Kevin Garnett,West,2001,NBA,FALSE,Yes
Jason Kidd2001,kiddja01,Jason Kidd,West,2001,NBA,FALSE,Yes
Karl Malone2001,malonka01,Karl Malone,West,2001,NBA,FALSE,Yes
Antonio McDyess2001,mcdyean01,Antonio McDyess,West,2001,NBA,FALSE,Yes
Shaquille O'Neal2001,onealsh01,Shaquille O'Neal,West,2001,NBA,TRUE,Yes
Gary Payton2001,paytoga01,Gary Payton,West,2001,NBA,FALSE,Yes
David Robinson2001,robinda01,David Robinson,West,2001,NBA,FALSE,Yes
Rasheed Wallace2001,wallara01,Rasheed Wallace,West,2001,NBA,FALSE,Yes
Chris Webber2001,webbech01,Chris Webber,West,2001,NBA,FALSE,Yes
Ray Allen2000,allenra02,Ray Allen,East,2000,NBA,FALSE,Yes
Vince Carter2000,cartevi01,Vince Carter,East,2000,NBA,FALSE,Yes
Dale Davis2000,davisda01,Dale Davis,East,2000,NBA,FALSE,Yes
Grant Hill2000,hillgr01,Grant Hill,East,2000,NBA,FALSE,Yes
Allan Houston2000,houstal01,Allan Houston,East,2000,NBA,FALSE,Yes
Allen Iverson2000,iversal01,Allen Iverson,East,2000,NBA,FALSE,Yes
Eddie Jones2000,jonesed02,Eddie Jones,East,2000,NBA,FALSE,Yes
Reggie Miller2000,millere01,Reggie Miller,East,2000,NBA,FALSE,Yes
Alonzo Mourning2000,mourl01,Alonzo Mourning,East,2000,NBA,FALSE,Yes
Dikembe Mutombo2000,mutomdi01,Dikembe Mutombo,East,2000,NBA,FALSE,Yes
Glenn Robinson2000,robingl01,Glenn Robinson,East,2000,NBA,FALSE,Yes
Jerry Stackhouse2000,stackje01,Jerry Stackhouse,East,2000,NBA,FALSE,Yes
Kobe Bryant2000,bryanko01,Kobe Bryant,West,2000,NBA,FALSE,Yes
Tim Duncan2000,duncati01,Tim Duncan,West,2000,NBA,FALSE,Yes
Michael Finley2000,finlemi01,Michael Finley,West,2000,NBA,FALSE,Yes
Kevin Garnett2000,garneke01,Kevin Garnett,West,2000,NBA,FALSE,Yes
Jason Kidd2000,kiddja01,Jason Kidd,West,2000,NBA,FALSE,Yes
Karl Malone2000,malonka01,Karl Malone,West,2000,NBA,FALSE,Yes
Shaquille O'Neal2000,onealsh01,Shaquille O'Neal,West,2000,NBA,FALSE,Yes
Gary Payton2000,paytoga01,Gary Payton,West,2000,NBA,FALSE,Yes
David Robinson2000,robinda01,David Robinson,West,2000,NBA,FALSE,Yes
John Stockton2000,stockjo01,John Stockton,West,2000,NBA,FALSE,Yes
Rasheed Wallace2000,wallara01,Rasheed Wallace,West,2000,NBA,FALSE,Yes
Chris Webber2000,webbech01,Chris Webber,West,2000,NBA,FALSE,Yes
Anfernee Hardaway1998,hardaan01,Anfernee Hardaway,East,1998,NBA,FALSE,Yes
Tim Hardaway1998,hardati01,Tim Hardaway,East,1998,NBA,FALSE,Yes
Grant Hill1998,hillgr01,Grant Hill,East,1998,NBA,FALSE,Yes
Michael Jordan1998,jordami01,Michael Jordan,East,1998,NBA,FALSE,Yes
Shawn Kemp1998,kempsh01,Shawn Kemp,East,1998,NBA,FALSE,Yes
Reggie Miller1998,millere01,Reggie Miller,East,1998,NBA,FALSE,Yes
Dikembe Mutombo1998,mutomdi01,Dikembe Mutombo,East,1998,NBA,FALSE,Yes
Glen Rice1998,ricegl01,Glen Rice,East,1998,NBA,FALSE,Yes
Steve Smith1998,smithst01,Steve Smith,East,1998,NBA,FALSE,Yes
Rik Smits1998,smitsri01,Rik Smits,East,1998,NBA,FALSE,Yes
Antoine Walker1998,walkean02,Antoine Walker,East,1998,NBA,FALSE,Yes
Jayson Williams1998,willija01,Jayson Williams,East,1998,NBA,FALSE,Yes
Vin Baker1998,bakervi01,Vin Baker,West,1998,NBA,FALSE,Yes
Kobe Bryant1998,bryanko01,Kobe Bryant,West,1998,NBA,FALSE,Yes
Tim Duncan1998,duncati01,Tim Duncan,West,1998,NBA,FALSE,Yes
Kevin Garnett1998,garneke01,Kevin Garnett,West,1998,NBA,FALSE,Yes
Eddie Jones1998,jonesed02,Eddie Jones,West,1998,NBA,FALSE,Yes
Jason Kidd1998,kiddja01,Jason Kidd,West,1998,NBA,FALSE,Yes
Karl Malone1998,malonka01,Karl Malone,West,1998,NBA,FALSE,Yes
Shaquille O'Neal1998,onealsh01,Shaquille O'Neal,West,1998,NBA,FALSE,Yes
Gary Payton1998,paytoga01,Gary Payton,West,1998,NBA,FALSE,Yes
Mitch Richmond1998,richmmi01,Mitch Richmond,West,1998,NBA,FALSE,Yes
David Robinson1998,robinda01,David Robinson,West,1998,NBA,FALSE,Yes
Nick Van Exel1998,vanexni01,Nick Van Exel,West,1998,NBA,FALSE,Yes
Vin Baker1997,bakervi01,Vin Baker,East,1997,NBA,FALSE,Yes
Terrell Brandon1997,brandte01,Terrell Brandon,East,1997,NBA,FALSE,Yes
Joe Dumars1997,dumarjo01,Joe Dumars,East,1997,NBA,TRUE,Yes
Patrick Ewing1997,ewingpa01,Patrick Ewing,East,1997,NBA,TRUE,Yes
Anfernee Hardaway1997,hardaan01,Anfernee Hardaway,East,1997,NBA,FALSE,Yes
Tim Hardaway1997,hardati01,Tim Hardaway,East,1997,NBA,FALSE,Yes
Grant Hill1997,hillgr01,Grant Hill,East,1997,NBA,FALSE,Yes
Michael Jordan1997,jordami01,Michael Jordan,East,1997,NBA,FALSE,Yes
Christian Laettner1997,laettch01,Christian Laettner,East,1997,NBA,FALSE,Yes
Alonzo Mourning1997,mourl01,Alonzo Mourning,East,1997,NBA,TRUE,Yes
Dikembe Mutombo1997,mutomdi01,Dikembe Mutombo,East,1997,NBA,FALSE,Yes
Scottie Pippen1997,pippesc01,Scottie Pippen,East,1997,NBA,FALSE,Yes
Glen Rice1997,ricegl01,Glen Rice,East,1997,NBA,FALSE,Yes
Chris Webber1997,webbech01,Chris Webber,East,1997,NBA,TRUE,Yes
Charles Barkley1997,barklch01,Charles Barkley,West,1997,NBA,TRUE,Yes
Clyde Drexler1997,drexlcl01,Clyde Drexler,West,1997,NBA,TRUE,Yes
Kevin Garnett1997,garneke01,Kevin Garnett,West,1997,NBA,TRUE,Yes
Chris Gatling1997,gatlich01,Chris Gatling,West,1997,NBA,TRUE,Yes
Tom Gugliotta1997,guglito01,Tom Gugliotta,West,1997,NBA,FALSE,Yes
Eddie Jones1997,jonesed02,Eddie Jones,West,1997,NBA,FALSE,Yes
Shawn Kemp1997,kempsh01,Shawn Kemp,West,1997,NBA,FALSE,Yes
Karl Malone1997,malonka01,Karl Malone,West,1997,NBA,FALSE,Yes
Hakeem Olajuwon1997,olajuha01,Hakeem Olajuwon,West,1997,NBA,FALSE,Yes
Shaquille O'Neal1997,onealsh01,Shaquille O'Neal,West,1997,NBA,TRUE,Yes
Gary Payton1997,paytoga01,Gary Payton,West,1997,NBA,FALSE,Yes
Mitch Richmond1997,richmmi01,Mitch Richmond,West,1997,NBA,FALSE,Yes
Detlef Schrempf 1997,schrede01,Detlef Schrempf ,West,1997,NBA,TRUE,Yes
Latrell Sprewell1997,sprewla01,Latrell Sprewell,West,1997,NBA,FALSE,Yes
John Stockton1997,stockjo01,John Stockton,West,1997,NBA,FALSE,Yes
Vin Baker1996,bakervi01,Vin Baker,East,1996,NBA,FALSE,Yes
Terrell Brandon1996,brandte01,Terrell Brandon,East,1996,NBA,FALSE,Yes
Patrick Ewing1996,ewingpa01,Patrick Ewing,East,1996,NBA,FALSE,Yes
Anfernee Hardaway1996,hardaan01,Anfernee Hardaway,East,1996,NBA,FALSE,Yes
Grant Hill1996,hillgr01,Grant Hill,East,1996,NBA,FALSE,Yes
Juwan Howard1996,howarju01,Juwan Howard,East,1996,NBA,FALSE,Yes
Michael Jordan1996,jordami01,Michael Jordan,East,1996,NBA,FALSE,Yes
Reggie Miller1996,millere01,Reggie Miller,East,1996,NBA,FALSE,Yes
Alonzo Mourning1996,mourl01,Alonzo Mourning,East,1996,NBA,FALSE,Yes
Shaquille O'Neal1996,onealsh01,Shaquille O'Neal,East,1996,NBA,FALSE,Yes
Scottie Pippen1996,pippesc01,Scottie Pippen,East,1996,NBA,FALSE,Yes
Glen Rice1996,ricegl01,Glen Rice,East,1996,NBA,FALSE,Yes
Charles Barkley1996,barklch01,Charles Barkley,West,1996,NBA,FALSE,Yes
Clyde Drexler1996,drexlcl01,Clyde Drexler,West,1996,NBA,FALSE,Yes
Sean Elliott1996,elliose01,Sean Elliott,West,1996,NBA,FALSE,Yes
Shawn Kemp1996,kempsh01,Shawn Kemp,West,1996,NBA,FALSE,Yes
Jason Kidd1996,kiddja01,Jason Kidd,West,1996,NBA,FALSE,Yes
Karl Malone1996,malonka01,Karl Malone,West,1996,NBA,FALSE,Yes
Dikembe Mutombo1996,mutomdi01,Dikembe Mutombo,West,1996,NBA,FALSE,Yes
Hakeem Olajuwon1996,olajuha01,Hakeem Olajuwon,West,1996,NBA,FALSE,Yes
Gary Payton1996,paytoga01,Gary Payton,West,1996,NBA,FALSE,Yes
Mitch Richmond1996,richmmi01,Mitch Richmond,West,1996,NBA,FALSE,Yes
David Robinson1996,robinda01,David Robinson,West,1996,NBA,FALSE,Yes
John Stockton1996,stockjo01,John Stockton,West,1996,NBA,FALSE,Yes
Vin Baker1995,bakervi01,Vin Baker,East,1995,NBA,FALSE,Yes
Da Barros1995,barroda01,Da Barros,East,1995,NBA,FALSE,Yes
Joe Dumars1995,dumarjo01,Joe Dumars,East,1995,NBA,FALSE,Yes
Patrick Ewing1995,ewingpa01,Patrick Ewing,East,1995,NBA,FALSE,Yes
Anfernee Hardaway1995,hardaan01,Anfernee Hardaway,East,1995,NBA,FALSE,Yes
Grant Hill1995,hillgr01,Grant Hill,East,1995,NBA,FALSE,Yes
Tyrone Hill1995,hillty01,Tyrone Hill,East,1995,NBA,FALSE,Yes
Larry Johnson1995,johnsla02,Larry Johnson,East,1995,NBA,FALSE,Yes
Reggie Miller1995,millere01,Reggie Miller,East,1995,NBA,FALSE,Yes
Alonzo Mourning1995,mourl01,Alonzo Mourning,East,1995,NBA,FALSE,Yes
Shaquille O'Neal1995,onealsh01,Shaquille O'Neal,East,1995,NBA,FALSE,Yes
Scottie Pippen1995,pippesc01,Scottie Pippen,East,1995,NBA,FALSE,Yes
Charles Barkley1995,barklch01,Charles Barkley,West,1995,NBA,FALSE,Yes
Cedric Ceballos1995,cebalce01,Cedric Ceballos,West,1995,NBA,TRUE,Yes
Shawn Kemp1995,kempsh01,Shawn Kemp,West,1995,NBA,FALSE,Yes
Dan Majerle1995,majerda01,Dan Majerle,West,1995,NBA,FALSE,Yes
Karl Malone1995,malonka01,Karl Malone,West,1995,NBA,FALSE,Yes
Dikembe Mutombo1995,mutomdi01,Dikembe Mutombo,West,1995,NBA,TRUE,Yes
Hakeem Olajuwon1995,olajuha01,Hakeem Olajuwon,West,1995,NBA,FALSE,Yes
Gary Payton1995,paytoga01,Gary Payton,West,1995,NBA,FALSE,Yes
Mitch Richmond1995,richmmi01,Mitch Richmond,West,1995,NBA,FALSE,Yes
David Robinson1995,robinda01,David Robinson,West,1995,NBA,FALSE,Yes
Detlef Schrempf1995,schrede01,Detlef Schrempf,West,1995,NBA,FALSE,Yes
Latrell Sprewell1995,sprewla01,Latrell Sprewell,West,1995,NBA,FALSE,Yes
John Stockton1995,stockjo01,John Stockton,West,1995,NBA,FALSE,Yes
Kenny Anderson1994,anderke01,Kenny Anderson,East,1994,NBA,FALSE,Yes
B.J. Armstrong1994,armstbj01,B.J. Armstrong,East,1994,NBA,FALSE,Yes
Mookie Blaylock1994,blaylmo01,Mookie Blaylock,East,1994,NBA,FALSE,Yes
Derrick Coleman1994,colemde01,Derrick Coleman,East,1994,NBA,FALSE,Yes
Patrick Ewing1994,ewingpa01,Patrick Ewing,East,1994,NBA,FALSE,Yes
Horace Grant1994,grantho01,Horace Grant,East,1994,NBA,FALSE,Yes
Alonzo Mourning1994,mourl01,Alonzo Mourning,East,1994,NBA,TRUE,Yes
Charles Oakley1994,oaklech01,Charles Oakley,East,1994,NBA,TRUE,Yes
Shaquille O'Neal1994,onealsh01,Shaquille O'Neal,East,1994,NBA,FALSE,Yes
Scottie Pippen1994,pippesc01,Scottie Pippen,East,1994,NBA,FALSE,Yes
Mark Price1994,pricema01,Mark Price,East,1994,NBA,FALSE,Yes
John Starks1994,starkjo01,John Starks,East,1994,NBA,FALSE,Yes
Dominique Wilkins1994,wilkido01,Dominique Wilkins,East,1994,NBA,FALSE,Yes
Charles Barkley1994,barklch01,Charles Barkley,West,1994,NBA,TRUE,Yes
Clyde Drexler1994,drexlcl01,Clyde Drexler,West,1994,NBA,FALSE,Yes
Kevin Johnson1994,johnske02,Kevin Johnson,West,1994,NBA,FALSE,Yes
Shawn Kemp1994,kempsh01,Shawn Kemp,West,1994,NBA,FALSE,Yes
Karl Malone1994,malonka01,Karl Malone,West,1994,NBA,FALSE,Yes
Danny Manning1994,mannida01,Danny Manning,West,1994,NBA,FALSE,Yes
Hakeem Olajuwon1994,olajuha01,Hakeem Olajuwon,West,1994,NBA,FALSE,Yes
Gary Payton1994,paytoga01,Gary Payton,West,1994,NBA,TRUE,Yes
Mitch Richmond1994,richmmi01,Mitch Richmond,West,1994,NBA,FALSE,Yes
Clifford Robinson1994,robincl02,Clifford Robinson,West,1994,NBA,FALSE,Yes
David Robinson1994,robinda01,David Robinson,West,1994,NBA,FALSE,Yes
Latrell Sprewell1994,sprewla01,Latrell Sprewell,West,1994,NBA,FALSE,Yes
John Stockton1994,stockjo01,John Stockton,West,1994,NBA,FALSE,Yes
Brad Daugherty1993,daughbr01,Brad Daugherty,East,1993,NBA,FALSE,Yes
Joe Dumars1993,dumarjo01,Joe Dumars,East,1993,NBA,FALSE,Yes
Patrick Ewing1993,ewingpa01,Patrick Ewing,East,1993,NBA,FALSE,Yes
Larry Johnson1993,johnsla02,Larry Johnson,East,1993,NBA,FALSE,Yes
Michael Jordan1993,jordami01,Michael Jordan,East,1993,NBA,FALSE,Yes
Larry nce1993,ncela01,Larry nce,East,1993,NBA,FALSE,Yes
Shaquille O'Neal1993,onealsh01,Shaquille O'Neal,East,1993,NBA,FALSE,Yes
Scottie Pippen1993,pippesc01,Scottie Pippen,East,1993,NBA,FALSE,Yes
Mark Price1993,pricema01,Mark Price,East,1993,NBA,FALSE,Yes
Detlef Schrempf1993,schrede01,Detlef Schrempf,East,1993,NBA,FALSE,Yes
Isiah Thomas1993,thomais01,Isiah Thomas,East,1993,NBA,FALSE,Yes
Dominique Wilkins1993,wilkido01,Dominique Wilkins,East,1993,NBA,FALSE,Yes
Charles Barkley1993,barklch01,Charles Barkley,West,1993,NBA,FALSE,Yes
Clyde Drexler1993,drexlcl01,Clyde Drexler,West,1993,NBA,FALSE,Yes
Sean Elliott1993,elliose01,Sean Elliott,West,1993,NBA,FALSE,Yes
Tim Hardaway1993,hardati01,Tim Hardaway,West,1993,NBA,FALSE,Yes
Shawn Kemp1993,kempsh01,Shawn Kemp,West,1993,NBA,FALSE,Yes
Dan Majerle1993,majerda01,Dan Majerle,West,1993,NBA,FALSE,Yes
Karl Malone1993,malonka01,Karl Malone,West,1993,NBA,FALSE,Yes
Danny Manning1993,mannida01,Danny Manning,West,1993,NBA,FALSE,Yes
Chris Mullin1993,mullich01,Chris Mullin,West,1993,NBA,TRUE,Yes
Hakeem Olajuwon1993,olajuha01,Hakeem Olajuwon,West,1993,NBA,FALSE,Yes
Terry Porter1993,portete01,Terry Porter,West,1993,NBA,TRUE,Yes
Mitch Richmond1993,richmmi01,Mitch Richmond,West,1993,NBA,TRUE,Yes
David Robinson1993,robinda01,David Robinson,West,1993,NBA,FALSE,Yes
John Stockton1993,stockjo01,John Stockton,West,1993,NBA,FALSE,Yes
Michael Adams1992,adamsmi01,Michael Adams,East,1992,NBA,TRUE,Yes
Charles Barkley1992,barklch01,Charles Barkley,East,1992,NBA,FALSE,Yes
Larry Bird1992,birdla01,Larry Bird,East,1992,NBA,TRUE,Yes
Brad Daugherty1992,daughbr01,Brad Daugherty,East,1992,NBA,FALSE,Yes
Joe Dumars1992,dumarjo01,Joe Dumars,East,1992,NBA,FALSE,Yes
Patrick Ewing1992,ewingpa01,Patrick Ewing,East,1992,NBA,FALSE,Yes
Michael Jordan1992,jordami01,Michael Jordan,East,1992,NBA,FALSE,Yes
Reggie Lewis1992,lewisre01,Reggie Lewis,East,1992,NBA,FALSE,Yes
Scottie Pippen1992,pippesc01,Scottie Pippen,East,1992,NBA,FALSE,Yes
Mark Price1992,pricema01,Mark Price,East,1992,NBA,FALSE,Yes
Dennis Rodman1992,rodmade01,Dennis Rodman,East,1992,NBA,FALSE,Yes
Isiah Thomas1992,thomais01,Isiah Thomas,East,1992,NBA,FALSE,Yes
Dominique Wilkins1992,wilkido01,Dominique Wilkins,East,1992,NBA,TRUE,Yes
Kevin Willis1992,willike02,Kevin Willis,East,1992,NBA,TRUE,Yes
Clyde Drexler1992,drexlcl01,Clyde Drexler,West,1992,NBA,FALSE,Yes
Tim Hardaway1992,hardati01,Tim Hardaway,West,1992,NBA,FALSE,Yes
Jeff Horcek1992,horje01,Jeff Horcek,West,1992,NBA,FALSE,Yes
Magic Johnson1992,johnsma02,Magic Johnson,West,1992,NBA,FALSE,Yes
Dan Majerle1992,majerda01,Dan Majerle,West,1992,NBA,FALSE,Yes
Karl Malone1992,malonka01,Karl Malone,West,1992,NBA,FALSE,Yes
Chris Mullin1992,mullich01,Chris Mullin,West,1992,NBA,FALSE,Yes
Dikembe Mutombo1992,mutomdi01,Dikembe Mutombo,West,1992,NBA,FALSE,Yes
Hakeem Olajuwon1992,olajuha01,Hakeem Olajuwon,West,1992,NBA,FALSE,Yes
David Robinson1992,robinda01,David Robinson,West,1992,NBA,FALSE,Yes
John Stockton1992,stockjo01,John Stockton,West,1992,NBA,FALSE,Yes
Otis Thorpe1992,thorpot01,Otis Thorpe,West,1992,NBA,FALSE,Yes
James Worthy1992,worthja01,James Worthy,West,1992,NBA,FALSE,Yes
Charles Barkley1991,barklch01,Charles Barkley,East,1991,NBA,FALSE,Yes
Larry Bird1991,birdla01,Larry Bird,East,1991,NBA,TRUE,Yes
Brad Daugherty1991,daughbr01,Brad Daugherty,East,1991,NBA,FALSE,Yes
Joe Dumars1991,dumarjo01,Joe Dumars,East,1991,NBA,FALSE,Yes
Patrick Ewing1991,ewingpa01,Patrick Ewing,East,1991,NBA,FALSE,Yes
Hersey Hawkins1991,hawkihe01,Hersey Hawkins,East,1991,NBA,TRUE,Yes
Michael Jordan1991,jordami01,Michael Jordan,East,1991,NBA,FALSE,Yes
Berrd King1991,kingbe01,Berrd King,East,1991,NBA,FALSE,Yes
Kevin McHale1991,mchalke01,Kevin McHale,East,1991,NBA,FALSE,Yes
Robert Parish1991,parisro01,Robert Parish,East,1991,NBA,FALSE,Yes
Ricky Pierce1991,piercri01,Ricky Pierce,East,1991,NBA,FALSE,Yes
Alvin Robertson1991,roberal01,Alvin Robertson,East,1991,NBA,FALSE,Yes
Isiah Thomas1991,thomais01,Isiah Thomas,East,1991,NBA,TRUE,Yes
Dominique Wilkins1991,wilkido01,Dominique Wilkins,East,1991,NBA,FALSE,Yes
Tom Chambers1991,chambto01,Tom Chambers,West,1991,NBA,FALSE,Yes
Clyde Drexler1991,drexlcl01,Clyde Drexler,West,1991,NBA,FALSE,Yes
Kevin Duckworth1991,duckwke01,Kevin Duckworth,West,1991,NBA,FALSE,Yes
Tim Hardaway1991,hardati01,Tim Hardaway,West,1991,NBA,FALSE,Yes
Kevin Johnson1991,johnske02,Kevin Johnson,West,1991,NBA,FALSE,Yes
Magic Johnson1991,johnsma02,Magic Johnson,West,1991,NBA,FALSE,Yes
Karl Malone1991,malonka01,Karl Malone,West,1991,NBA,FALSE,Yes
Chris Mullin1991,mullich01,Chris Mullin,West,1991,NBA,FALSE,Yes
Terry Porter1991,portete01,Terry Porter,West,1991,NBA,FALSE,Yes
David Robinson1991,robinda01,David Robinson,West,1991,NBA,FALSE,Yes
John Stockton1991,stockjo01,John Stockton,West,1991,NBA,FALSE,Yes
James Worthy1991,worthja01,James Worthy,West,1991,NBA,FALSE,Yes
Charles Barkley1990,barklch01,Charles Barkley,East,1990,NBA,FALSE,Yes
Larry Bird1990,birdla01,Larry Bird,East,1990,NBA,FALSE,Yes
Joe Dumars1990,dumarjo01,Joe Dumars,East,1990,NBA,FALSE,Yes
Patrick Ewing1990,ewingpa01,Patrick Ewing,East,1990,NBA,FALSE,Yes
Michael Jordan1990,jordami01,Michael Jordan,East,1990,NBA,FALSE,Yes
Kevin McHale1990,mchalke01,Kevin McHale,East,1990,NBA,FALSE,Yes
Reggie Miller1990,millere01,Reggie Miller,East,1990,NBA,FALSE,Yes
Robert Parish1990,parisro01,Robert Parish,East,1990,NBA,FALSE,Yes
Scottie Pippen1990,pippesc01,Scottie Pippen,East,1990,NBA,FALSE,Yes
Dennis Rodman1990,rodmade01,Dennis Rodman,East,1990,NBA,FALSE,Yes
Isiah Thomas1990,thomais01,Isiah Thomas,East,1990,NBA,FALSE,Yes
Dominique Wilkins1990,wilkido01,Dominique Wilkins,East,1990,NBA,FALSE,Yes
Rolando Blackman1990,blackro01,Rolando Blackman,West,1990,NBA,TRUE,Yes
Tom Chambers1990,chambto01,Tom Chambers,West,1990,NBA,FALSE,Yes
Clyde Drexler1990,drexlcl01,Clyde Drexler,West,1990,NBA,FALSE,Yes
A.C. Green1990,greec01,A.C. Green,West,1990,NBA,FALSE,Yes
Kevin Johnson1990,johnske02,Kevin Johnson,West,1990,NBA,FALSE,Yes
Magic Johnson1990,johnsma02,Magic Johnson,West,1990,NBA,FALSE,Yes
Fat Lever1990,leverfa01,Fat Lever,West,1990,NBA,FALSE,Yes
Karl Malone1990,malonka01,Karl Malone,West,1990,NBA,TRUE,Yes
Chris Mullin1990,mullich01,Chris Mullin,West,1990,NBA,FALSE,Yes
Hakeem Olajuwon1990,olajuha01,Hakeem Olajuwon,West,1990,NBA,FALSE,Yes
David Robinson1990,robinda01,David Robinson,West,1990,NBA,FALSE,Yes
John Stockton1990,stockjo01,John Stockton,West,1990,NBA,FALSE,Yes
James Worthy1990,worthja01,James Worthy,West,1990,NBA,FALSE,Yes
Charles Barkley1989,barklch01,Charles Barkley,East,1989,NBA,FALSE,Yes
Terry Cummings1989,cummite01,Terry Cummings,East,1989,NBA,FALSE,Yes
Brad Daugherty1989,daughbr01,Brad Daugherty,East,1989,NBA,FALSE,Yes
Patrick Ewing1989,ewingpa01,Patrick Ewing,East,1989,NBA,FALSE,Yes
Mark Jackson1989,jacksma01,Mark Jackson,East,1989,NBA,FALSE,Yes
Michael Jordan1989,jordami01,Michael Jordan,East,1989,NBA,FALSE,Yes
Moses Malone1989,malonmo01,Moses Malone,East,1989,NBA,FALSE,Yes
Kevin McHale1989,mchalke01,Kevin McHale,East,1989,NBA,FALSE,Yes
Larry nce1989,ncela01,Larry nce,East,1989,NBA,FALSE,Yes
Mark Price1989,pricema01,Mark Price,East,1989,NBA,FALSE,Yes
Isiah Thomas1989,thomais01,Isiah Thomas,East,1989,NBA,FALSE,Yes
Dominique Wilkins1989,wilkido01,Dominique Wilkins,East,1989,NBA,FALSE,Yes
Kareem Abdul-Jabbar1989,abdulka01,Kareem Abdul-Jabbar,West,1989,NBA,TRUE,Yes
Tom Chambers1989,chambto01,Tom Chambers,West,1989,NBA,FALSE,Yes
Clyde Drexler1989,drexlcl01,Clyde Drexler,West,1989,NBA,FALSE,Yes
Kevin Duckworth1989,duckwke01,Kevin Duckworth,West,1989,NBA,FALSE,Yes
Mark Eaton1989,eatonma01,Mark Eaton,West,1989,NBA,FALSE,Yes
Dale Ellis1989,ellisda01,Dale Ellis,West,1989,NBA,FALSE,Yes
Alex English1989,englial01,Alex English,West,1989,NBA,FALSE,Yes
Magic Johnson1989,johnsma02,Magic Johnson,West,1989,NBA,TRUE,Yes
Karl Malone1989,malonka01,Karl Malone,West,1989,NBA,FALSE,Yes
Chris Mullin1989,mullich01,Chris Mullin,West,1989,NBA,FALSE,Yes
Hakeem Olajuwon1989,olajuha01,Hakeem Olajuwon,West,1989,NBA,FALSE,Yes
John Stockton1989,stockjo01,John Stockton,West,1989,NBA,FALSE,Yes
James Worthy1989,worthja01,James Worthy,West,1989,NBA,FALSE,Yes
Danny Ainge1988,aingeda01,Danny Ainge,East,1988,NBA,FALSE,Yes
Charles Barkley1988,barklch01,Charles Barkley,East,1988,NBA,FALSE,Yes
Larry Bird1988,birdla01,Larry Bird,East,1988,NBA,FALSE,Yes
Maurice Cheeks1988,cheekma01,Maurice Cheeks,East,1988,NBA,FALSE,Yes
Brad Daugherty1988,daughbr01,Brad Daugherty,East,1988,NBA,FALSE,Yes
Patrick Ewing1988,ewingpa01,Patrick Ewing,East,1988,NBA,FALSE,Yes
Michael Jordan1988,jordami01,Michael Jordan,East,1988,NBA,FALSE,Yes
Moses Malone1988,malonmo01,Moses Malone,East,1988,NBA,FALSE,Yes
Kevin McHale1988,mchalke01,Kevin McHale,East,1988,NBA,FALSE,Yes
Doc Rivers1988,riverdo01,Doc Rivers,East,1988,NBA,FALSE,Yes
Isiah Thomas1988,thomais01,Isiah Thomas,East,1988,NBA,FALSE,Yes
Dominique Wilkins1988,wilkido01,Dominique Wilkins,East,1988,NBA,FALSE,Yes
Kareem Abdul-Jabbar1988,abdulka01,Kareem Abdul-Jabbar,West,1988,NBA,FALSE,Yes
Mark Aguirre1988,aguirma01,Mark Aguirre,West,1988,NBA,FALSE,Yes
James Doldson1988,dolja01,James Doldson,West,1988,NBA,TRUE,Yes
Clyde Drexler1988,drexlcl01,Clyde Drexler,West,1988,NBA,FALSE,Yes
Alex English1988,englial01,Alex English,West,1988,NBA,FALSE,Yes
Magic Johnson1988,johnsma02,Magic Johnson,West,1988,NBA,FALSE,Yes
Steve Johnson1988,johnsst03,Steve Johnson,West,1988,NBA,TRUE,Yes
Fat Lever1988,leverfa01,Fat Lever,West,1988,NBA,FALSE,Yes
Karl Malone1988,malonka01,Karl Malone,West,1988,NBA,FALSE,Yes
Xavier McDaniel1988,mcdanxa01,Xavier McDaniel,West,1988,NBA,FALSE,Yes
Hakeem Olajuwon1988,olajuha01,Hakeem Olajuwon,West,1988,NBA,FALSE,Yes
Alvin Robertson1988,roberal01,Alvin Robertson,West,1988,NBA,FALSE,Yes
James Worthy1988,worthja01,James Worthy,West,1988,NBA,FALSE,Yes
Charles Barkley1987,barklch01,Charles Barkley,East,1987,NBA,FALSE,Yes
Larry Bird1987,birdla01,Larry Bird,East,1987,NBA,FALSE,Yes
Maurice Cheeks1987,cheekma01,Maurice Cheeks,East,1987,NBA,FALSE,Yes
Julius Erving1987,ervinju01,Julius Erving,East,1987,NBA,FALSE,Yes
Michael Jordan1987,jordami01,Michael Jordan,East,1987,NBA,FALSE,Yes
Bill Laimbeer1987,laimbbi01,Bill Laimbeer,East,1987,NBA,FALSE,Yes
Jeff Malone1987,malonje01,Jeff Malone,East,1987,NBA,FALSE,Yes
Moses Malone1987,malonmo01,Moses Malone,East,1987,NBA,FALSE,Yes
Kevin McHale1987,mchalke01,Kevin McHale,East,1987,NBA,FALSE,Yes
Robert Parish1987,parisro01,Robert Parish,East,1987,NBA,FALSE,Yes
Isiah Thomas1987,thomais01,Isiah Thomas,East,1987,NBA,FALSE,Yes
Dominique Wilkins1987,wilkido01,Dominique Wilkins,East,1987,NBA,FALSE,Yes
Kareem Abdul-Jabbar1987,abdulka01,Kareem Abdul-Jabbar,West,1987,NBA,FALSE,Yes
Mark Aguirre1987,aguirma01,Mark Aguirre,West,1987,NBA,FALSE,Yes
Rolando Blackman1987,blackro01,Rolando Blackman,West,1987,NBA,FALSE,Yes
Joe Barry Carroll1987,carrojo01,Joe Barry Carroll,West,1987,NBA,FALSE,Yes
Tom Chambers1987,chambto01,Tom Chambers,West,1987,NBA,TRUE,Yes
Walter Davis1987,daviswa03,Walter Davis,West,1987,NBA,FALSE,Yes
Alex English1987,englial01,Alex English,West,1987,NBA,FALSE,Yes
Sleepy Floyd1987,floydsl01,Sleepy Floyd,West,1987,NBA,FALSE,Yes
Magic Johnson1987,johnsma02,Magic Johnson,West,1987,NBA,FALSE,Yes
Hakeem Olajuwon1987,olajuha01,Hakeem Olajuwon,West,1987,NBA,FALSE,Yes
Alvin Robertson1987,roberal01,Alvin Robertson,West,1987,NBA,FALSE,Yes
Ralph Sampson1987,sampsra01,Ralph Sampson,West,1987,NBA,TRUE,Yes
James Worthy1987,worthja01,James Worthy,West,1987,NBA,FALSE,Yes
Larry Bird1986,birdla01,Larry Bird,East,1986,NBA,FALSE,Yes
Maurice Cheeks1986,cheekma01,Maurice Cheeks,East,1986,NBA,FALSE,Yes
Julius Erving1986,ervinju01,Julius Erving,East,1986,NBA,FALSE,Yes
Patrick Ewing1986,ewingpa01,Patrick Ewing,East,1986,NBA,TRUE,Yes
Michael Jordan1986,jordami01,Michael Jordan,East,1986,NBA,TRUE,Yes
Jeff Malone1986,malonje01,Jeff Malone,East,1986,NBA,FALSE,Yes
Moses Malone1986,malonmo01,Moses Malone,East,1986,NBA,FALSE,Yes
Kevin McHale1986,mchalke01,Kevin McHale,East,1986,NBA,FALSE,Yes
Sidney Moncrief1986,moncrsi01,Sidney Moncrief,East,1986,NBA,FALSE,Yes
Robert Parish1986,parisro01,Robert Parish,East,1986,NBA,FALSE,Yes
Isiah Thomas1986,thomais01,Isiah Thomas,East,1986,NBA,FALSE,Yes
Dominique Wilkins1986,wilkido01,Dominique Wilkins,East,1986,NBA,FALSE,Yes
Buck Williams1986,willibu01,Buck Williams,East,1986,NBA,FALSE,Yes
Kareem Abdul-Jabbar1986,abdulka01,Kareem Abdul-Jabbar,West,1986,NBA,FALSE,Yes
Rolando Blackman1986,blackro01,Rolando Blackman,West,1986,NBA,FALSE,Yes
Adrian Dantley1986,dantlad01,Adrian Dantley,West,1986,NBA,FALSE,Yes
Clyde Drexler1986,drexlcl01,Clyde Drexler,West,1986,NBA,FALSE,Yes
Alex English1986,englial01,Alex English,West,1986,NBA,FALSE,Yes
Artis Gilmore1986,gilmoar01,Artis Gilmore,West,1986,NBA,FALSE,Yes
Marques Johnson1986,johnsma01,Marques Johnson,West,1986,NBA,FALSE,Yes
Magic Johnson1986,johnsma02,Magic Johnson,West,1986,NBA,FALSE,Yes
Hakeem Olajuwon1986,olajuha01,Hakeem Olajuwon,West,1986,NBA,FALSE,Yes
Alvin Robertson1986,roberal01,Alvin Robertson,West,1986,NBA,FALSE,Yes
Ralph Sampson1986,sampsra01,Ralph Sampson,West,1986,NBA,FALSE,Yes
James Worthy1986,worthja01,James Worthy,West,1986,NBA,FALSE,Yes
Larry Bird1985,birdla01,Larry Bird,East,1985,NBA,FALSE,Yes
Terry Cummings1985,cummite01,Terry Cummings,East,1985,NBA,FALSE,Yes
Julius Erving1985,ervinju01,Julius Erving,East,1985,NBA,FALSE,Yes
Dennis Johnson1985,johnsde01,Dennis Johnson,East,1985,NBA,FALSE,Yes
Michael Jordan1985,jordami01,Michael Jordan,East,1985,NBA,FALSE,Yes
Berrd King1985,kingbe01,Berrd King,East,1985,NBA,FALSE,Yes
Bill Laimbeer1985,laimbbi01,Bill Laimbeer,East,1985,NBA,TRUE,Yes
Moses Malone1985,malonmo01,Moses Malone,East,1985,NBA,FALSE,Yes
Sidney Moncrief1985,moncrsi01,Sidney Moncrief,East,1985,NBA,FALSE,Yes
Robert Parish1985,parisro01,Robert Parish,East,1985,NBA,FALSE,Yes
Michael Ray Richardson1985,richami01,Michael Ray Richardson,East,1985,NBA,FALSE,Yes
Jeff Ruland1985,rulanje01,Jeff Ruland,East,1985,NBA,TRUE,Yes
Isiah Thomas1985,thomais01,Isiah Thomas,East,1985,NBA,FALSE,Yes
Kareem Abdul-Jabbar1985,abdulka01,Kareem Abdul-Jabbar,West,1985,NBA,FALSE,Yes
Rolando Blackman1985,blackro01,Rolando Blackman,West,1985,NBA,FALSE,Yes
Adrian Dantley1985,dantlad01,Adrian Dantley,West,1985,NBA,FALSE,Yes
Alex English1985,englial01,Alex English,West,1985,NBA,FALSE,Yes
George Gervin1985,gervige01,George Gervin,West,1985,NBA,FALSE,Yes
Magic Johnson1985,johnsma02,Magic Johnson,West,1985,NBA,FALSE,Yes
Larry nce1985,ncela01,Larry nce,West,1985,NBA,FALSE,Yes
Calvin tt1985,ttca01,Calvin tt,West,1985,NBA,FALSE,Yes
Norm Nixon1985,nixonno01,Norm Nixon,West,1985,NBA,FALSE,Yes
Hakeem Olajuwon1985,olajuha01,Hakeem Olajuwon,West,1985,NBA,FALSE,Yes
Ralph Sampson1985,sampsra01,Ralph Sampson,West,1985,NBA,FALSE,Yes
Jack Sikma1985,sikmaja01,Jack Sikma,West,1985,NBA,FALSE,Yes
Larry Bird1984,birdla01,Larry Bird,East,1984,NBA,FALSE,Yes
Otis Birdsong1984,birdsot01,Otis Birdsong,East,1984,NBA,FALSE,Yes
Julius Erving1984,ervinju01,Julius Erving,East,1984,NBA,FALSE,Yes
Berrd King1984,kingbe01,Berrd King,East,1984,NBA,FALSE,Yes
Bill Laimbeer1984,laimbbi01,Bill Laimbeer,East,1984,NBA,TRUE,Yes
Moses Malone1984,malonmo01,Moses Malone,East,1984,NBA,TRUE,Yes
Kevin McHale1984,mchalke01,Kevin McHale,East,1984,NBA,FALSE,Yes
Sidney Moncrief1984,moncrsi01,Sidney Moncrief,East,1984,NBA,FALSE,Yes
Robert Parish1984,parisro01,Robert Parish,East,1984,NBA,FALSE,Yes
Jeff Ruland1984,rulanje01,Jeff Ruland,East,1984,NBA,FALSE,Yes
Isiah Thomas1984,thomais01,Isiah Thomas,East,1984,NBA,FALSE,Yes
Andrew Toney1984,toneyan01,Andrew Toney,East,1984,NBA,FALSE,Yes
Kelly Tripucka1984,tripuke01,Kelly Tripucka,East,1984,NBA,FALSE,Yes
Kareem Abdul-Jabbar1984,abdulka01,Kareem Abdul-Jabbar,West,1984,NBA,FALSE,Yes
Mark Aguirre1984,aguirma01,Mark Aguirre,West,1984,NBA,FALSE,Yes
Adrian Dantley1984,dantlad01,Adrian Dantley,West,1984,NBA,FALSE,Yes
Walter Davis1984,daviswa03,Walter Davis,West,1984,NBA,FALSE,Yes
Alex English1984,englial01,Alex English,West,1984,NBA,FALSE,Yes
George Gervin1984,gervige01,George Gervin,West,1984,NBA,FALSE,Yes
Rickey Green1984,greenri01,Rickey Green,West,1984,NBA,FALSE,Yes
Magic Johnson1984,johnsma02,Magic Johnson,West,1984,NBA,FALSE,Yes
Jim Paxson1984,paxsoji02,Jim Paxson,West,1984,NBA,FALSE,Yes
Ralph Sampson1984,sampsra01,Ralph Sampson,West,1984,NBA,FALSE,Yes
Jack Sikma1984,sikmaja01,Jack Sikma,West,1984,NBA,FALSE,Yes
Kiki Vandeweghe1984,vandeki01,Kiki Vandeweghe,West,1984,NBA,FALSE,Yes
Larry Bird1983,birdla01,Larry Bird,East,1983,NBA,FALSE,Yes
Maurice Cheeks1983,cheekma01,Maurice Cheeks,East,1983,NBA,FALSE,Yes
Julius Erving1983,ervinju01,Julius Erving,East,1983,NBA,FALSE,Yes
Marques Johnson1983,johnsma01,Marques Johnson,East,1983,NBA,FALSE,Yes
Bill Laimbeer1983,laimbbi01,Bill Laimbeer,East,1983,NBA,FALSE,Yes
Moses Malone1983,malonmo01,Moses Malone,East,1983,NBA,FALSE,Yes
Sidney Moncrief1983,moncrsi01,Sidney Moncrief,East,1983,NBA,FALSE,Yes
Robert Parish1983,parisro01,Robert Parish,East,1983,NBA,FALSE,Yes
Reggie Theus1983,theusre01,Reggie Theus,East,1983,NBA,FALSE,Yes
Isiah Thomas1983,thomais01,Isiah Thomas,East,1983,NBA,FALSE,Yes
Andrew Toney1983,toneyan01,Andrew Toney,East,1983,NBA,FALSE,Yes
Buck Williams1983,willibu01,Buck Williams,East,1983,NBA,FALSE,Yes
Kareem Abdul-Jabbar1983,abdulka01,Kareem Abdul-Jabbar,West,1983,NBA,FALSE,Yes
Alex English1983,englial01,Alex English,West,1983,NBA,FALSE,Yes
George Gervin1983,gervige01,George Gervin,West,1983,NBA,FALSE,Yes
Artis Gilmore1983,gilmoar01,Artis Gilmore,West,1983,NBA,FALSE,Yes
Magic Johnson1983,johnsma02,Magic Johnson,West,1983,NBA,FALSE,Yes
Maurice Lucas1983,lucasma01,Maurice Lucas,West,1983,NBA,FALSE,Yes
Jim Paxson1983,paxsoji02,Jim Paxson,West,1983,NBA,FALSE,Yes
Jack Sikma1983,sikmaja01,Jack Sikma,West,1983,NBA,FALSE,Yes
David Thompson1983,thompda01,David Thompson,West,1983,NBA,FALSE,Yes
Kiki Vandeweghe1983,vandeki01,Kiki Vandeweghe,West,1983,NBA,FALSE,Yes
Jamaal Wilkes1983,wilkeja01,Jamaal Wilkes,West,1983,NBA,FALSE,Yes
Gus Williams1983,willigu01,Gus Williams,West,1983,NBA,FALSE,Yes
Tiny Archibald1982,architi01,Tiny Archibald,East,1982,NBA,FALSE,Yes
Larry Bird1982,birdla01,Larry Bird,East,1982,NBA,FALSE,Yes
Julius Erving1982,ervinju01,Julius Erving,East,1982,NBA,FALSE,Yes
Artis Gilmore1982,gilmoar01,Artis Gilmore,East,1982,NBA,FALSE,Yes
Bobby Jones1982,jonesbo01,Bobby Jones,East,1982,NBA,FALSE,Yes
Bob Lanier1982,laniebo01,Bob Lanier,East,1982,NBA,FALSE,Yes
Sidney Moncrief1982,moncrsi01,Sidney Moncrief,East,1982,NBA,FALSE,Yes
Robert Parish1982,parisro01,Robert Parish,East,1982,NBA,FALSE,Yes
Michael Ray Richardson1982,richami01,Michael Ray Richardson,East,1982,NBA,FALSE,Yes
Dan Roundfield1982,roundda01,Dan Roundfield,East,1982,NBA,TRUE,Yes
Isiah Thomas1982,thomais01,Isiah Thomas,East,1982,NBA,FALSE,Yes
Kelly Tripucka1982,tripuke01,Kelly Tripucka,East,1982,NBA,TRUE,Yes
Buck Williams1982,willibu01,Buck Williams,East,1982,NBA,FALSE,Yes
Kareem Abdul-Jabbar1982,abdulka01,Kareem Abdul-Jabbar,West,1982,NBA,FALSE,Yes
Adrian Dantley1982,dantlad01,Adrian Dantley,West,1982,NBA,FALSE,Yes
Alex English1982,englial01,Alex English,West,1982,NBA,FALSE,Yes
George Gervin1982,gervige01,George Gervin,West,1982,NBA,FALSE,Yes
Dennis Johnson1982,johnsde01,Dennis Johnson,West,1982,NBA,FALSE,Yes
Magic Johnson1982,johnsma02,Magic Johnson,West,1982,NBA,FALSE,Yes
Berrd King1982,kingbe01,Berrd King,West,1982,NBA,FALSE,Yes
Moses Malone1982,malonmo01,Moses Malone,West,1982,NBA,FALSE,Yes
Norm Nixon1982,nixonno01,Norm Nixon,West,1982,NBA,FALSE,Yes
Lonnie Shelton1982,sheltlo01,Lonnie Shelton,West,1982,NBA,FALSE,Yes
Jack Sikma1982,sikmaja01,Jack Sikma,West,1982,NBA,FALSE,Yes
Gus Williams1982,willigu01,Gus Williams,West,1982,NBA,FALSE,Yes
Tiny Archibald1981,architi01,Tiny Archibald,East,1981,NBA,FALSE,Yes
Larry Bird1981,birdla01,Larry Bird,East,1981,NBA,FALSE,Yes
Julius Erving1981,ervinju01,Julius Erving,East,1981,NBA,FALSE,Yes
Artis Gilmore1981,gilmoar01,Artis Gilmore,East,1981,NBA,FALSE,Yes
Eddie Johnson1981,johnsed02,Eddie Johnson,East,1981,NBA,FALSE,Yes
Marques Johnson1981,johnsma01,Marques Johnson,East,1981,NBA,FALSE,Yes
Bobby Jones1981,jonesbo01,Bobby Jones,East,1981,NBA,FALSE,Yes
Mike Mitchell1981,mitchmi01,Mike Mitchell,East,1981,NBA,TRUE,Yes
Robert Parish1981,parisro01,Robert Parish,East,1981,NBA,FALSE,Yes
Michael Ray Richardson1981,richami01,Michael Ray Richardson,East,1981,NBA,FALSE,Yes
Dan Roundfield1981,roundda01,Dan Roundfield,East,1981,NBA,TRUE,Yes
Reggie Theus1981,theusre01,Reggie Theus,East,1981,NBA,FALSE,Yes
Kareem Abdul-Jabbar1981,abdulka01,Kareem Abdul-Jabbar,West,1981,NBA,FALSE,Yes
Otis Birdsong1981,birdsot01,Otis Birdsong,West,1981,NBA,FALSE,Yes
Adrian Dantley1981,dantlad01,Adrian Dantley,West,1981,NBA,FALSE,Yes
Walter Davis1981,daviswa03,Walter Davis,West,1981,NBA,FALSE,Yes
George Gervin1981,gervige01,George Gervin,West,1981,NBA,FALSE,Yes
Dennis Johnson1981,johnsde01,Dennis Johnson,West,1981,NBA,FALSE,Yes
Moses Malone1981,malonmo01,Moses Malone,West,1981,NBA,FALSE,Yes
Truck Robinson1981,robintr01,Truck Robinson,West,1981,NBA,FALSE,Yes
Jack Sikma1981,sikmaja01,Jack Sikma,West,1981,NBA,FALSE,Yes
Paul Westphal1981,westppa01,Paul Westphal,West,1981,NBA,FALSE,Yes
Jamaal Wilkes1981,wilkeja01,Jamaal Wilkes,West,1981,NBA,FALSE,Yes
Tiny Archibald1980,architi01,Tiny Archibald,East,1980,NBA,FALSE,Yes
Larry Bird1980,birdla01,Larry Bird,East,1980,NBA,FALSE,Yes
Bill Cartwright1980,cartwbi01,Bill Cartwright,East,1980,NBA,TRUE,Yes
Dave Cowens1980,cowenda01,Dave Cowens,East,1980,NBA,TRUE,Yes
John Drew1980,drewjo01,John Drew,East,1980,NBA,FALSE,Yes
Julius Erving1980,ervinju01,Julius Erving,East,1980,NBA,FALSE,Yes
George Gervin1980,gervige01,George Gervin,East,1980,NBA,FALSE,Yes
Elvin Hayes1980,hayesel01,Elvin Hayes,East,1980,NBA,FALSE,Yes
Eddie Johnson1980,johnsed02,Eddie Johnson,East,1980,NBA,FALSE,Yes
Moses Malone1980,malonmo01,Moses Malone,East,1980,NBA,FALSE,Yes
Michael Ray Richardson1980,richami01,Michael Ray Richardson,East,1980,NBA,FALSE,Yes
Dan Roundfield1980,roundda01,Dan Roundfield,East,1980,NBA,FALSE,Yes
Kareem Abdul-Jabbar1980,abdulka01,Kareem Abdul-Jabbar,West,1980,NBA,FALSE,Yes
Otis Birdsong1980,birdsot01,Otis Birdsong,West,1980,NBA,FALSE,Yes
Adrian Dantley1980,dantlad01,Adrian Dantley,West,1980,NBA,FALSE,Yes
Walter Davis1980,daviswa03,Walter Davis,West,1980,NBA,FALSE,Yes
World B. Free1980,freewo01,World B. Free,West,1980,NBA,FALSE,Yes
Dennis Johnson1980,johnsde01,Dennis Johnson,West,1980,NBA,FALSE,Yes
Marques Johnson1980,johnsma01,Marques Johnson,West,1980,NBA,FALSE,Yes
Magic Johnson1980,johnsma02,Magic Johnson,West,1980,NBA,FALSE,Yes
Jack Sikma1980,sikmaja01,Jack Sikma,West,1980,NBA,FALSE,Yes
Kermit Washington1980,washike01,Kermit Washington,West,1980,NBA,TRUE,Yes
Scott Wedman1980,wedmasc01,Scott Wedman,West,1980,NBA,TRUE,Yes
Paul Westphal1980,westppa01,Paul Westphal,West,1980,NBA,FALSE,Yes
Doug Collins1979,collido01,Doug Collins,East,1979,NBA,TRUE,Yes
Bob Dandridge1979,dandrbo01,Bob Dandridge,East,1979,NBA,FALSE,Yes
Julius Erving1979,ervinju01,Julius Erving,East,1979,NBA,FALSE,Yes
George Gervin1979,gervige01,George Gervin,East,1979,NBA,FALSE,Yes
Elvin Hayes1979,hayesel01,Elvin Hayes,East,1979,NBA,FALSE,Yes
Larry Kenon1979,kenonla01,Larry Kenon,East,1979,NBA,FALSE,Yes
Bob Lanier1979,laniebo01,Bob Lanier,East,1979,NBA,FALSE,Yes
Moses Malone1979,malonmo01,Moses Malone,East,1979,NBA,FALSE,Yes
Pete Maravich1979,maravpe01,Pete Maravich,East,1979,NBA,FALSE,Yes
Calvin Murphy1979,murphca01,Calvin Murphy,East,1979,NBA,FALSE,Yes
Campy Russell1979,russeca02,Campy Russell,East,1979,NBA,FALSE,Yes
Rudy Tomjanovich1979,tomjaru01,Rudy Tomjanovich,East,1979,NBA,FALSE,Yes
Kareem Abdul-Jabbar1979,abdulka01,Kareem Abdul-Jabbar,West,1979,NBA,FALSE,Yes
Otis Birdsong1979,birdsot01,Otis Birdsong,West,1979,NBA,FALSE,Yes
Walter Davis1979,daviswa03,Walter Davis,West,1979,NBA,FALSE,Yes
Artis Gilmore1979,gilmoar01,Artis Gilmore,West,1979,NBA,FALSE,Yes
Dennis Johnson1979,johnsde01,Dennis Johnson,West,1979,NBA,FALSE,Yes
Marques Johnson1979,johnsma01,Marques Johnson,West,1979,NBA,FALSE,Yes
Maurice Lucas1979,lucasma01,Maurice Lucas,West,1979,NBA,FALSE,Yes
George McGinnis1979,mcginge01,George McGinnis,West,1979,NBA,FALSE,Yes
Jack Sikma1979,sikmaja01,Jack Sikma,West,1979,NBA,FALSE,Yes
David Thompson1979,thompda01,David Thompson,West,1979,NBA,FALSE,Yes
Paul Westphal1979,westppa01,Paul Westphal,West,1979,NBA,FALSE,Yes
Doug Collins1978,collido01,Doug Collins,East,1978,NBA,FALSE,Yes
Dave Cowens1978,cowenda01,Dave Cowens,East,1978,NBA,FALSE,Yes
Julius Erving1978,ervinju01,Julius Erving,East,1978,NBA,FALSE,Yes
George Gervin1978,gervige01,George Gervin,East,1978,NBA,FALSE,Yes
John Havlicek1978,havlijo01,John Havlicek,East,1978,NBA,TRUE,Yes
Elvin Hayes1978,hayesel01,Elvin Hayes,East,1978,NBA,TRUE,Yes
Larry Kenon1978,kenonla01,Larry Kenon,East,1978,NBA,FALSE,Yes
Billy Knight1978,knighbi01,Billy Knight,East,1978,NBA,TRUE,Yes
Moses Malone1978,malonmo01,Moses Malone,East,1978,NBA,FALSE,Yes
Pete Maravich1978,maravpe01,Pete Maravich,East,1978,NBA,TRUE,Yes
Bob McAdoo1978,mcadobo01,Bob McAdoo,East,1978,NBA,FALSE,Yes
Truck Robinson1978,robintr01,Truck Robinson,East,1978,NBA,FALSE,Yes
Randy Smith1978,smithra01,Randy Smith,East,1978,NBA,FALSE,Yes
Rick Barry1978,barryri01,Rick Barry,West,1978,NBA,FALSE,Yes
Walter Davis1978,daviswa03,Walter Davis,West,1978,NBA,FALSE,Yes
Artis Gilmore1978,gilmoar01,Artis Gilmore,West,1978,NBA,FALSE,Yes
Lionel Hollins1978,hollili01,Lionel Hollins,West,1978,NBA,FALSE,Yes
Bobby Jones1978,jonesbo01,Bobby Jones,West,1978,NBA,FALSE,Yes
Bob Lanier1978,laniebo01,Bob Lanier,West,1978,NBA,FALSE,Yes
Maurice Lucas1978,lucasma01,Maurice Lucas,West,1978,NBA,FALSE,Yes
David Thompson1978,thompda01,David Thompson,West,1978,NBA,FALSE,Yes
Bill Walton1978,waltobi01,Bill Walton,West,1978,NBA,FALSE,Yes
Paul Westphal1978,westppa01,Paul Westphal,West,1978,NBA,FALSE,Yes
Brian Winters1978,wintebr01,Brian Winters,West,1978,NBA,FALSE,Yes
Phil Chenier1977,cheniph01,Phil Chenier,East,1977,NBA,TRUE,Yes
Doug Collins1977,collido01,Doug Collins,East,1977,NBA,FALSE,Yes
Dave Cowens1977,cowenda01,Dave Cowens,East,1977,NBA,TRUE,Yes
Julius Erving1977,ervinju01,Julius Erving,East,1977,NBA,FALSE,Yes
George Gervin1977,gervige01,George Gervin,East,1977,NBA,FALSE,Yes
John Havlicek1977,havlijo01,John Havlicek,East,1977,NBA,FALSE,Yes
Elvin Hayes1977,hayesel01,Elvin Hayes,East,1977,NBA,FALSE,Yes
Pete Maravich1977,maravpe01,Pete Maravich,East,1977,NBA,FALSE,Yes
Bob McAdoo1977,mcadobo01,Bob McAdoo,East,1977,NBA,FALSE,Yes
George McGinnis1977,mcginge01,George McGinnis,East,1977,NBA,FALSE,Yes
Earl Monroe1977,monroea01,Earl Monroe,East,1977,NBA,FALSE,Yes
Rudy Tomjanovich1977,tomjaru01,Rudy Tomjanovich,East,1977,NBA,FALSE,Yes
Jo Jo White1977,whitejo01,Jo Jo White,East,1977,NBA,FALSE,Yes
Kareem Abdul-Jabbar1977,abdulka01,Kareem Abdul-Jabbar,West,1977,NBA,FALSE,Yes
Rick Barry1977,barryri01,Rick Barry,West,1977,NBA,FALSE,Yes
Don Buse1977,busedo01,Don Buse,West,1977,NBA,TRUE,Yes
Dan Issel1977,isselda01,Dan Issel,West,1977,NBA,FALSE,Yes
Bobby Jones1977,jonesbo01,Bobby Jones,West,1977,NBA,FALSE,Yes
Billy Knight1977,knighbi01,Billy Knight,West,1977,NBA,FALSE,Yes
Bob Lanier1977,laniebo01,Bob Lanier,West,1977,NBA,FALSE,Yes
Maurice Lucas1977,lucasma01,Maurice Lucas,West,1977,NBA,FALSE,Yes
Phil Smith1977,smithph01,Phil Smith,West,1977,NBA,FALSE,Yes
David Thompson1977,thompda01,David Thompson,West,1977,NBA,FALSE,Yes
Norm Van Lier1977,vanlino01,Norm Van Lier,West,1977,NBA,FALSE,Yes
Bill Walton1977,waltobi01,Bill Walton,West,1977,NBA,TRUE,Yes
Paul Westphal1977,westppa01,Paul Westphal,West,1977,NBA,FALSE,Yes
Marvin Barnes1976,barnema01,Marvin Barnes,All Stars,1976,ABA,FALSE,Yes
Ron Boone1976,boonero01,Ron Boone,All Stars,1976,ABA,FALSE,Yes
Don Buse1976,busedo01,Don Buse,All Stars,1976,ABA,FALSE,Yes
Julius Erving1976,ervinju01,Julius Erving,All Stars,1976,ABA,FALSE,Yes
George Gervin1976,gervige01,George Gervin,All Stars,1976,ABA,FALSE,Yes
Artis Gilmore1976,gilmoar01,Artis Gilmore,All Stars,1976,ABA,FALSE,Yes
Larry Kenon1976,kenonla01,Larry Kenon,All Stars,1976,ABA,FALSE,Yes
Billy Knight1976,knighbi01,Billy Knight,All Stars,1976,ABA,FALSE,Yes
Maurice Lucas1976,lucasma01,Maurice Lucas,All Stars,1976,ABA,FALSE,Yes
Billy Paultz1976,paultbi01,Billy Paultz,All Stars,1976,ABA,FALSE,Yes
James Silas1976,silasja01,James Silas,All Stars,1976,ABA,FALSE,Yes
Brian Taylor1976,taylobr01,Brian Taylor,All Stars,1976,ABA,FALSE,Yes
Byron Beck1976,beckby01,Byron Beck,Denver,1976,ABA,FALSE,Yes
Roger Brown1976,brownro02,Roger Brown,Denver,1976,ABA,FALSE,Yes
Jimmy Foster1976,fosteja01,Jimmy Foster,Denver,1976,ABA,FALSE,Yes
Gus Gerard1976,gerargu01,Gus Gerard,Denver,1976,ABA,FALSE,Yes
Dan Issel1976,isselda01,Dan Issel,Denver,1976,ABA,FALSE,Yes
Bobby Jones1976,jonesbo01,Bobby Jones,Denver,1976,ABA,FALSE,Yes
Ralph Simpson1976,simpsra01,Ralph Simpson,Denver,1976,ABA,FALSE,Yes
Claude Terry1976,terrycl01,Claude Terry,Denver,1976,ABA,FALSE,Yes
David Thompson1976,thompda01,David Thompson,Denver,1976,ABA,FALSE,Yes
Monte Towe1976,towemo01,Monte Towe,Denver,1976,ABA,FALSE,Yes
Chuck Williams1976,willich02,Chuck Williams,Denver,1976,ABA,FALSE,Yes
Dave Bing1976,bingda01,Dave Bing,East,1976,NBA,FALSE,Yes
Doug Collins1976,collido01,Doug Collins,East,1976,NBA,FALSE,Yes
Dave Cowens1976,cowenda01,Dave Cowens,East,1976,NBA,FALSE,Yes
John Drew1976,drewjo01,John Drew,East,1976,NBA,FALSE,Yes
Walt Frazier1976,fraziwa01,Walt Frazier,East,1976,NBA,FALSE,Yes
John Havlicek1976,havlijo01,John Havlicek,East,1976,NBA,FALSE,Yes
Elvin Hayes1976,hayesel01,Elvin Hayes,East,1976,NBA,FALSE,Yes
Bob McAdoo1976,mcadobo01,Bob McAdoo,East,1976,NBA,FALSE,Yes
George McGinnis1976,mcginge01,George McGinnis,East,1976,NBA,FALSE,Yes
Randy Smith1976,smithra01,Randy Smith,East,1976,NBA,FALSE,Yes
Rudy Tomjanovich1976,tomjaru01,Rudy Tomjanovich,East,1976,NBA,FALSE,Yes
Jo Jo White1976,whitejo01,Jo Jo White,East,1976,NBA,FALSE,Yes
Kareem Abdul-Jabbar1976,abdulka01,Kareem Abdul-Jabbar,West,1976,NBA,FALSE,Yes
Alvan Adams1976,adamsal01,Alvan Adams,West,1976,NBA,FALSE,Yes
Tiny Archibald1976,architi01,Tiny Archibald,West,1976,NBA,FALSE,Yes
Rick Barry1976,barryri01,Rick Barry,West,1976,NBA,FALSE,Yes
Fred Brown1976,brownfr01,Fred Brown,West,1976,NBA,FALSE,Yes
Bob Dandridge1976,dandrbo01,Bob Dandridge,West,1976,NBA,FALSE,Yes
Curtis Rowe1976,rowecu01,Curtis Rowe,West,1976,NBA,FALSE,Yes
Phil Smith1976,smithph01,Phil Smith,West,1976,NBA,FALSE,Yes
Norm Van Lier1976,vanlino01,Norm Van Lier,West,1976,NBA,FALSE,Yes
Scott Wedman1976,wedmasc01,Scott Wedman,West,1976,NBA,FALSE,Yes
Jamaal Wilkes1976,wilkeja01,Jamaal Wilkes,West,1976,NBA,FALSE,Yes
Brian Winters1976,wintebr01,Brian Winters,West,1976,NBA,FALSE,Yes
Marvin Barnes1975,barnema01,Marvin Barnes,East,1975,ABA,FALSE,Yes
Louie Dampier1975,dampilo01,Louie Dampier,East,1975,ABA,FALSE,Yes
Julius Erving1975,ervinju01,Julius Erving,East,1975,ABA,FALSE,Yes
Artis Gilmore1975,gilmoar01,Artis Gilmore,East,1975,ABA,FALSE,Yes
Dan Issel1975,isselda01,Dan Issel,East,1975,ABA,FALSE,Yes
Stew Johnson1975,johnsst01,Stew Johnson,East,1975,ABA,FALSE,Yes
Larry Kenon1975,kenonla01,Larry Kenon,East,1975,ABA,FALSE,Yes
Freddie Lewis1975,lewisfr02,Freddie Lewis,East,1975,ABA,FALSE,Yes
Billy Paultz1975,paultbi01,Billy Paultz,East,1975,ABA,FALSE,Yes
Brian Taylor1975,taylobr01,Brian Taylor,East,1975,ABA,FALSE,Yes
Dave Twardzik1975,twardda01,Dave Twardzik,East,1975,ABA,FALSE,Yes
Ron Boone1975,boonero01,Ron Boone,West,1975,ABA,FALSE,Yes
Mack Calvin1975,calvima01,Mack Calvin,West,1975,ABA,FALSE,Yes
George Gervin1975,gervige01,George Gervin,West,1975,ABA,FALSE,Yes
Mike Green1975,greenmi01,Mike Green,West,1975,ABA,FALSE,Yes
Caldwell Jones1975,jonesca01,Caldwell Jones,West,1975,ABA,FALSE,Yes
Moses Malone1975,malonmo01,Moses Malone,West,1975,ABA,FALSE,Yes
George McGinnis1975,mcginge01,George McGinnis,West,1975,ABA,FALSE,Yes
Swen ter1975,tersw01,Swen ter,West,1975,ABA,FALSE,Yes
James Silas1975,silasja01,James Silas,West,1975,ABA,FALSE,Yes
Ralph Simpson1975,simpsra01,Ralph Simpson,West,1975,ABA,FALSE,Yes
Phil Chenier1975,cheniph01,Phil Chenier,East,1975,NBA,FALSE,Yes
Dave Cowens1975,cowenda01,Dave Cowens,East,1975,NBA,FALSE,Yes
Walt Frazier1975,fraziwa01,Walt Frazier,East,1975,NBA,FALSE,Yes
John Havlicek1975,havlijo01,John Havlicek,East,1975,NBA,FALSE,Yes
Elvin Hayes1975,hayesel01,Elvin Hayes,East,1975,NBA,FALSE,Yes
Bob McAdoo1975,mcadobo01,Bob McAdoo,East,1975,NBA,FALSE,Yes
Steve Mix1975,mixst01,Steve Mix,East,1975,NBA,FALSE,Yes
Earl Monroe1975,monroea01,Earl Monroe,East,1975,NBA,FALSE,Yes
Paul Silas1975,silaspa01,Paul Silas,East,1975,NBA,FALSE,Yes
Rudy Tomjanovich1975,tomjaru01,Rudy Tomjanovich,East,1975,NBA,FALSE,Yes
Wes Unseld1975,unselwe01,Wes Unseld,East,1975,NBA,FALSE,Yes
Jo Jo White1975,whitejo01,Jo Jo White,East,1975,NBA,FALSE,Yes
Kareem Abdul-Jabbar1975,abdulka01,Kareem Abdul-Jabbar,West,1975,NBA,FALSE,Yes
Tiny Archibald1975,architi01,Tiny Archibald,West,1975,NBA,FALSE,Yes
Rick Barry1975,barryri01,Rick Barry,West,1975,NBA,FALSE,Yes
Dave Bing1975,bingda01,Dave Bing,West,1975,NBA,FALSE,Yes
Bob Dandridge1975,dandrbo01,Bob Dandridge,West,1975,NBA,FALSE,Yes
Gail Goodrich1975,goodrga01,Gail Goodrich,West,1975,NBA,FALSE,Yes
Spencer Haywood1975,haywosp01,Spencer Haywood,West,1975,NBA,FALSE,Yes
Sam Lacey1975,laceysa01,Sam Lacey,West,1975,NBA,FALSE,Yes
Bob Lanier1975,laniebo01,Bob Lanier,West,1975,NBA,FALSE,Yes
Jim Price1975,priceji01,Jim Price,West,1975,NBA,FALSE,Yes
Charlie Scott1975,scottch01,Charlie Scott,West,1975,NBA,FALSE,Yes
Sidney Wicks1975,wickssi01,Sidney Wicks,West,1975,NBA,FALSE,Yes
Mack Calvin1974,calvima01,Mack Calvin,East,1974,ABA,FALSE,Yes
Louie Dampier1974,dampilo01,Louie Dampier,East,1974,ABA,FALSE,Yes
Jim Eakins1974,eakinji01,Jim Eakins,East,1974,ABA,FALSE,Yes
Julius Erving1974,ervinju01,Julius Erving,East,1974,ABA,FALSE,Yes
George Gervin1974,gervige01,George Gervin,East,1974,ABA,FALSE,Yes
Artis Gilmore1974,gilmoar01,Artis Gilmore,East,1974,ABA,FALSE,Yes
Dan Issel1974,isselda01,Dan Issel,East,1974,ABA,FALSE,Yes
Larry Kenon1974,kenonla01,Larry Kenon,East,1974,ABA,FALSE,Yes
Ted McClain1974,mcclate01,Ted McClain,East,1974,ABA,FALSE,Yes
Billy Paultz1974,paultbi01,Billy Paultz,East,1974,ABA,TRUE,Yes
George Thompson1974,thompge01,George Thompson,East,1974,ABA,FALSE,Yes
Ron Boone1974,boonero01,Ron Boone,West,1974,ABA,FALSE,Yes
Mel Daniels1974,danieme01,Mel Daniels,West,1974,ABA,FALSE,Yes
Warren Jabali1974,jabalwa01,Warren Jabali,West,1974,ABA,FALSE,Yes
Stew Johnson1974,johnsst01,Stew Johnson,West,1974,ABA,FALSE,Yes
Jimmy Jones1974,jonesji01,Jimmy Jones,West,1974,ABA,FALSE,Yes
Rich Jones1974,jonesri01,Rich Jones,West,1974,ABA,FALSE,Yes
George McGinnis1974,mcginge01,George McGinnis,West,1974,ABA,FALSE,Yes
Swen ter1974,tersw01,Swen ter,West,1974,ABA,FALSE,Yes
Ralph Simpson1974,simpsra01,Ralph Simpson,West,1974,ABA,FALSE,Yes
Willie Wise1974,wisewi01,Willie Wise,West,1974,ABA,FALSE,Yes
Austin Carr1974,carrau01,Austin Carr,East,1974,NBA,FALSE,Yes
Phil Chenier1974,cheniph01,Phil Chenier,East,1974,NBA,FALSE,Yes
Dave Cowens1974,cowenda01,Dave Cowens,East,1974,NBA,FALSE,Yes
Dave DeBusschere1974,debusda01,Dave DeBusschere,East,1974,NBA,FALSE,Yes
Walt Frazier1974,fraziwa01,Walt Frazier,East,1974,NBA,FALSE,Yes
John Havlicek1974,havlijo01,John Havlicek,East,1974,NBA,FALSE,Yes
Elvin Hayes1974,hayesel01,Elvin Hayes,East,1974,NBA,FALSE,Yes
Lou Hudson1974,hudsolo01,Lou Hudson,East,1974,NBA,FALSE,Yes
Pete Maravich1974,maravpe01,Pete Maravich,East,1974,NBA,FALSE,Yes
Bob McAdoo1974,mcadobo01,Bob McAdoo,East,1974,NBA,FALSE,Yes
Rudy Tomjanovich1974,tomjaru01,Rudy Tomjanovich,East,1974,NBA,FALSE,Yes
Jo Jo White1974,whitejo01,Jo Jo White,East,1974,NBA,FALSE,Yes
Kareem Abdul-Jabbar1974,abdulka01,Kareem Abdul-Jabbar,West,1974,NBA,FALSE,Yes
Rick Barry1974,barryri01,Rick Barry,West,1974,NBA,FALSE,Yes
Dave Bing1974,bingda01,Dave Bing,West,1974,NBA,FALSE,Yes
Gail Goodrich1974,goodrga01,Gail Goodrich,West,1974,NBA,FALSE,Yes
Spencer Haywood1974,haywosp01,Spencer Haywood,West,1974,NBA,FALSE,Yes
Bob Lanier1974,laniebo01,Bob Lanier,West,1974,NBA,FALSE,Yes
Geoff Petrie1974,petrige01,Geoff Petrie,West,1974,NBA,FALSE,Yes
Charlie Scott1974,scottch01,Charlie Scott,West,1974,NBA,TRUE,Yes
te Thurmond1974,thurm01,te Thurmond,West,1974,NBA,FALSE,Yes
Norm Van Lier1974,vanlino01,Norm Van Lier,West,1974,NBA,FALSE,Yes
Chet Walker1974,walkech01,Chet Walker,West,1974,NBA,FALSE,Yes
Jerry West1974,westje01,Jerry West,West,1974,NBA,TRUE,Yes
Sidney Wicks1974,wickssi01,Sidney Wicks,West,1974,NBA,FALSE,Yes
Joe Caldwell1973,caldwjo01,Joe Caldwell,East,1973,ABA,FALSE,Yes
Mack Calvin1973,calvima01,Mack Calvin,East,1973,ABA,FALSE,Yes
Billy Cunningham1973,cunnibi01,Billy Cunningham,East,1973,ABA,FALSE,Yes
Louie Dampier1973,dampilo01,Louie Dampier,East,1973,ABA,FALSE,Yes
Julius Erving1973,ervinju01,Julius Erving,East,1973,ABA,FALSE,Yes
Artis Gilmore1973,gilmoar01,Artis Gilmore,East,1973,ABA,FALSE,Yes
Dan Issel1973,isselda01,Dan Issel,East,1973,ABA,FALSE,Yes
Bill Melchionni1973,melchbi01,Bill Melchionni,East,1973,ABA,FALSE,Yes
Billy Paultz1973,paultbi01,Billy Paultz,East,1973,ABA,FALSE,Yes
George Thompson1973,thompge01,George Thompson,East,1973,ABA,FALSE,Yes
Zelmo Beaty1973,beatyze01,Zelmo Beaty,West,1973,ABA,FALSE,Yes
Mel Daniels1973,danieme01,Mel Daniels,West,1973,ABA,FALSE,Yes
Warren Jabali1973,jabalwa01,Warren Jabali,West,1973,ABA,FALSE,Yes
Stew Johnson1973,johnsst01,Stew Johnson,West,1973,ABA,FALSE,Yes
Jimmy Jones1973,jonesji01,Jimmy Jones,West,1973,ABA,FALSE,Yes
Rich Jones1973,jonesri01,Rich Jones,West,1973,ABA,FALSE,Yes
George McGinnis1973,mcginge01,George McGinnis,West,1973,ABA,FALSE,Yes
Ralph Simpson1973,simpsra01,Ralph Simpson,West,1973,ABA,FALSE,Yes
Chuck Williams1973,willich02,Chuck Williams,West,1973,ABA,FALSE,Yes
Willie Wise1973,wisewi01,Willie Wise,West,1973,ABA,FALSE,Yes
John Block1973,blockjo01,John Block,East,1973,NBA,FALSE,Yes
Bill Bradley1973,bradlbi01,Bill Bradley,East,1973,NBA,FALSE,Yes
Dave Cowens1973,cowenda01,Dave Cowens,East,1973,NBA,FALSE,Yes
Dave DeBusschere1973,debusda01,Dave DeBusschere,East,1973,NBA,FALSE,Yes
Walt Frazier1973,fraziwa01,Walt Frazier,East,1973,NBA,FALSE,Yes
John Havlicek1973,havlijo01,John Havlicek,East,1973,NBA,FALSE,Yes
Elvin Hayes1973,hayesel01,Elvin Hayes,East,1973,NBA,FALSE,Yes
Lou Hudson1973,hudsolo01,Lou Hudson,East,1973,NBA,FALSE,Yes
Bob Kauffman1973,kauffbo01,Bob Kauffman,East,1973,NBA,FALSE,Yes
Pete Maravich1973,maravpe01,Pete Maravich,East,1973,NBA,FALSE,Yes
Jack Marin1973,marinja01,Jack Marin,East,1973,NBA,FALSE,Yes
Wes Unseld1973,unselwe01,Wes Unseld,East,1973,NBA,FALSE,Yes
Jo Jo White1973,whitejo01,Jo Jo White,East,1973,NBA,FALSE,Yes
Lenny Wilkens1973,wilkele01,Lenny Wilkens,East,1973,NBA,FALSE,Yes
Kareem Abdul-Jabbar1973,abdulka01,Kareem Abdul-Jabbar,West,1973,NBA,TRUE,Yes
Tiny Archibald1973,architi01,Tiny Archibald,West,1973,NBA,FALSE,Yes
Rick Barry1973,barryri01,Rick Barry,West,1973,NBA,TRUE,Yes
Dave Bing1973,bingda01,Dave Bing,West,1973,NBA,FALSE,Yes
Wilt Chamberlain1973,chambwi01,Wilt Chamberlain,West,1973,NBA,FALSE,Yes
Bob Dandridge1973,dandrbo01,Bob Dandridge,West,1973,NBA,FALSE,Yes
Gail Goodrich1973,goodrga01,Gail Goodrich,West,1973,NBA,FALSE,Yes
Connie Hawkins1973,hawkico01,Connie Hawkins,West,1973,NBA,TRUE,Yes
Spencer Haywood1973,haywosp01,Spencer Haywood,West,1973,NBA,FALSE,Yes
Bob Lanier1973,laniebo01,Bob Lanier,West,1973,NBA,FALSE,Yes
Bob Love1973,lovebo01,Bob Love,West,1973,NBA,TRUE,Yes
Charlie Scott1973,scottch01,Charlie Scott,West,1973,NBA,FALSE,Yes
te Thurmond1973,thurm01,te Thurmond,West,1973,NBA,FALSE,Yes
Chet Walker1973,walkech01,Chet Walker,West,1973,NBA,FALSE,Yes
Jerry West1973,westje01,Jerry West,West,1973,NBA,FALSE,Yes
Sidney Wicks1973,wickssi01,Sidney Wicks,West,1973,NBA,FALSE,Yes
Rick Barry1972,barryri01,Rick Barry,East,1972,ABA,FALSE,Yes
John Brisker1972,briskjo01,John Brisker,East,1972,ABA,FALSE,Yes
Mack Calvin1972,calvima01,Mack Calvin,East,1972,ABA,FALSE,Yes
Louie Dampier1972,dampilo01,Louie Dampier,East,1972,ABA,FALSE,Yes
Julius Erving1972,ervinju01,Julius Erving,East,1972,ABA,FALSE,Yes
Artis Gilmore1972,gilmoar01,Artis Gilmore,East,1972,ABA,FALSE,Yes
Dan Issel1972,isselda01,Dan Issel,East,1972,ABA,FALSE,Yes
Warren Jabali1972,jabalwa01,Warren Jabali,East,1972,ABA,FALSE,Yes
Jim McDaniels1972,mcdanji01,Jim McDaniels,East,1972,ABA,FALSE,Yes
Bill Melchionni1972,melchbi01,Bill Melchionni,East,1972,ABA,FALSE,Yes
Charlie Scott1972,scottch01,Charlie Scott,East,1972,ABA,FALSE,Yes
George Thompson1972,thompge01,George Thompson,East,1972,ABA,FALSE,Yes
Zelmo Beaty1972,beatyze01,Zelmo Beaty,West,1972,ABA,FALSE,Yes
Art Becker1972,beckear01,Art Becker,West,1972,ABA,FALSE,Yes
Roger Brown1972,brownro01,Roger Brown,West,1972,ABA,FALSE,Yes
Glen Combs1972,combsgl01,Glen Combs,West,1972,ABA,FALSE,Yes
Mel Daniels1972,danieme01,Mel Daniels,West,1972,ABA,FALSE,Yes
Donnie Freeman1972,freemdo01,Donnie Freeman,West,1972,ABA,FALSE,Yes
Steve Jones1972,jonesst01,Steve Jones,West,1972,ABA,FALSE,Yes
Wil Jones1972,joneswi02,Wil Jones,West,1972,ABA,FALSE,Yes
Wendell Ladner1972,ladnewe01,Wendell Ladner,West,1972,ABA,FALSE,Yes
Freddie Lewis1972,lewisfr02,Freddie Lewis,West,1972,ABA,FALSE,Yes
Ralph Simpson1972,simpsra01,Ralph Simpson,West,1972,ABA,FALSE,Yes
Willie Wise1972,wisewi01,Willie Wise,West,1972,ABA,FALSE,Yes
Butch Beard1972,beardbu01,Butch Beard,East,1972,NBA,FALSE,Yes
Archie Clark1972,clarkar01,Archie Clark,East,1972,NBA,FALSE,Yes
Dave Cowens1972,cowenda01,Dave Cowens,East,1972,NBA,FALSE,Yes
Billy Cunningham1972,cunnibi01,Billy Cunningham,East,1972,NBA,FALSE,Yes
Dave DeBusschere1972,debusda01,Dave DeBusschere,East,1972,NBA,FALSE,Yes
Walt Frazier1972,fraziwa01,Walt Frazier,East,1972,NBA,FALSE,Yes
John Havlicek1972,havlijo01,John Havlicek,East,1972,NBA,FALSE,Yes
Lou Hudson1972,hudsolo01,Lou Hudson,East,1972,NBA,FALSE,Yes
John Johnson1972,johnsjo01,John Johnson,East,1972,NBA,FALSE,Yes
Bob Kauffman1972,kauffbo01,Bob Kauffman,East,1972,NBA,FALSE,Yes
Jack Marin1972,marinja01,Jack Marin,East,1972,NBA,FALSE,Yes
Wes Unseld1972,unselwe01,Wes Unseld,East,1972,NBA,FALSE,Yes
Tom Van Arsdale1972,varto01,Tom Van Arsdale,East,1972,NBA,FALSE,Yes
Jo Jo White1972,whitejo01,Jo Jo White,East,1972,NBA,FALSE,Yes
Kareem Abdul-Jabbar1972,abdulka01,Kareem Abdul-Jabbar,West,1972,NBA,FALSE,Yes
Wilt Chamberlain1972,chambwi01,Wilt Chamberlain,West,1972,NBA,FALSE,Yes
Gail Goodrich1972,goodrga01,Gail Goodrich,West,1972,NBA,FALSE,Yes
Connie Hawkins1972,hawkico01,Connie Hawkins,West,1972,NBA,FALSE,Yes
Elvin Hayes1972,hayesel01,Elvin Hayes,West,1972,NBA,FALSE,Yes
Spencer Haywood1972,haywosp01,Spencer Haywood,West,1972,NBA,FALSE,Yes
Bob Lanier1972,laniebo01,Bob Lanier,West,1972,NBA,FALSE,Yes
Bob Love1972,lovebo01,Bob Love,West,1972,NBA,FALSE,Yes
Oscar Robertson1972,roberos01,Oscar Robertson,West,1972,NBA,FALSE,Yes
Cazzie Russell1972,russeca01,Cazzie Russell,West,1972,NBA,FALSE,Yes
Paul Silas1972,silaspa01,Paul Silas,West,1972,NBA,FALSE,Yes
Jimmy Walker1972,walkeji01,Jimmy Walker,West,1972,NBA,FALSE,Yes
Jerry West1972,westje01,Jerry West,West,1972,NBA,FALSE,Yes
Sidney Wicks1972,wickssi01,Sidney Wicks,West,1972,NBA,FALSE,Yes
Rick Barry1971,barryri01,Rick Barry,East,1971,ABA,FALSE,Yes
John Brisker1971,briskjo01,John Brisker,East,1971,ABA,FALSE,Yes
Joe Caldwell1971,caldwjo01,Joe Caldwell,East,1971,ABA,FALSE,Yes
Mack Calvin1971,calvima01,Mack Calvin,East,1971,ABA,FALSE,Yes
George Carter1971,cartege01,George Carter,East,1971,ABA,FALSE,Yes
Dan Issel1971,isselda01,Dan Issel,East,1971,ABA,FALSE,Yes
Neil Johnson1971,johnsne02,Neil Johnson,East,1971,ABA,FALSE,Yes
Larry Jones1971,jonesla01,Larry Jones,East,1971,ABA,FALSE,Yes
Mike Lewis1971,lewismi01,Mike Lewis,East,1971,ABA,FALSE,Yes
Bill Melchionni1971,melchbi01,Bill Melchionni,East,1971,ABA,FALSE,Yes
Cincy Powell1971,powelci01,Cincy Powell,East,1971,ABA,FALSE,Yes
Charlie Scott1971,scottch01,Charlie Scott,East,1971,ABA,FALSE,Yes
Zelmo Beaty1971,beatyze01,Zelmo Beaty,West,1971,ABA,FALSE,Yes
Ron Boone1971,boonero01,Ron Boone,West,1971,ABA,FALSE,Yes
Roger Brown1971,brownro01,Roger Brown,West,1971,ABA,FALSE,Yes
Glen Combs1971,combsgl01,Glen Combs,West,1971,ABA,FALSE,Yes
Mel Daniels1971,danieme01,Mel Daniels,West,1971,ABA,FALSE,Yes
Donnie Freeman1971,freemdo01,Donnie Freeman,West,1971,ABA,FALSE,Yes
Jimmy Jones1971,jonesji01,Jimmy Jones,West,1971,ABA,FALSE,Yes
Steve Jones1971,jonesst01,Steve Jones,West,1971,ABA,FALSE,Yes
Julius Keye1971,keyeju01,Julius Keye,West,1971,ABA,FALSE,Yes
Wendell Ladner1971,ladnewe01,Wendell Ladner,West,1971,ABA,FALSE,Yes
Bob Netolicky1971,netolbo01,Bob Netolicky,West,1971,ABA,FALSE,Yes
Red Robbins1971,robbire01,Red Robbins,West,1971,ABA,FALSE,Yes
Billy Cunningham1971,cunnibi01,Billy Cunningham,East,1971,NBA,FALSE,Yes
Dave DeBusschere1971,debusda01,Dave DeBusschere,East,1971,NBA,FALSE,Yes
Walt Frazier1971,fraziwa01,Walt Frazier,East,1971,NBA,FALSE,Yes
Johnny Green1971,greenjo01,Johnny Green,East,1971,NBA,FALSE,Yes
John Havlicek1971,havlijo01,John Havlicek,East,1971,NBA,FALSE,Yes
Lou Hudson1971,hudsolo01,Lou Hudson,East,1971,NBA,FALSE,Yes
Gus Johnson1971,johnsgu01,Gus Johnson,East,1971,NBA,FALSE,Yes
John Johnson1971,johnsjo01,John Johnson,East,1971,NBA,FALSE,Yes
Bob Kauffman1971,kauffbo01,Bob Kauffman,East,1971,NBA,FALSE,Yes
Earl Monroe1971,monroea01,Earl Monroe,East,1971,NBA,FALSE,Yes
Willis Reed1971,reedwi01,Willis Reed,East,1971,NBA,FALSE,Yes
Wes Unseld1971,unselwe01,Wes Unseld,East,1971,NBA,FALSE,Yes
Tom Van Arsdale1971,varto01,Tom Van Arsdale,East,1971,NBA,FALSE,Yes
Jo Jo White1971,whitejo01,Jo Jo White,East,1971,NBA,FALSE,Yes
Kareem Abdul-Jabbar1971,abdulka01,Kareem Abdul-Jabbar,West,1971,NBA,FALSE,Yes
Dave Bing1971,bingda01,Dave Bing,West,1971,NBA,FALSE,Yes
Wilt Chamberlain1971,chambwi01,Wilt Chamberlain,West,1971,NBA,FALSE,Yes
Connie Hawkins1971,hawkico01,Connie Hawkins,West,1971,NBA,FALSE,Yes
Elvin Hayes1971,hayesel01,Elvin Hayes,West,1971,NBA,FALSE,Yes
Bob Love1971,lovebo01,Bob Love,West,1971,NBA,FALSE,Yes
Jerry Lucas1971,lucasje01,Jerry Lucas,West,1971,NBA,FALSE,Yes
Jeff Mullins1971,mullije01,Jeff Mullins,West,1971,NBA,FALSE,Yes
Geoff Petrie1971,petrige01,Geoff Petrie,West,1971,NBA,FALSE,Yes
Oscar Robertson1971,roberos01,Oscar Robertson,West,1971,NBA,FALSE,Yes
Dick Van Arsdale1971,vardi01,Dick Van Arsdale,West,1971,NBA,FALSE,Yes
Chet Walker1971,walkech01,Chet Walker,West,1971,NBA,FALSE,Yes
Jerry West1971,westje01,Jerry West,West,1971,NBA,FALSE,Yes
Lenny Wilkens1971,wilkele01,Lenny Wilkens,West,1971,NBA,FALSE,Yes
Roger Brown1970,brownro01,Roger Brown,East,1970,ABA,FALSE,Yes
Darel Carrier1970,carrida01,Darel Carrier,East,1970,ABA,FALSE,Yes
Louie Dampier1970,dampilo01,Louie Dampier,East,1970,ABA,FALSE,Yes
Mel Daniels1970,danieme01,Mel Daniels,East,1970,ABA,FALSE,Yes
Donnie Freeman1970,freemdo01,Donnie Freeman,East,1970,ABA,FALSE,Yes
Mike Lewis1970,lewismi01,Mike Lewis,East,1970,ABA,FALSE,Yes
Doug Moe1970,moedo01,Doug Moe,East,1970,ABA,FALSE,Yes
Gene Moore1970,moorege01,Gene Moore,East,1970,ABA,FALSE,Yes
Bob Netolicky1970,netolbo01,Bob Netolicky,East,1970,ABA,FALSE,Yes
Levern Tart1970,tartle01,Levern Tart,East,1970,ABA,FALSE,Yes
Bob Verga1970,vergabo01,Bob Verga,East,1970,ABA,FALSE,Yes
Charlie Williams1970,willich01,Charlie Williams,East,1970,ABA,FALSE,Yes
Rick Barry1970,barryri01,Rick Barry,West,1970,ABA,FALSE,Yes
John Beasley1970,beasljo01,John Beasley,West,1970,ABA,FALSE,Yes
Larry Brown1970,brownla01,Larry Brown,West,1970,ABA,FALSE,Yes
Glen Combs1970,combsgl01,Glen Combs,West,1970,ABA,FALSE,Yes
Warren Davis1970,daviswa02,Warren Davis,West,1970,ABA,FALSE,Yes
Gerald Govan1970,govange01,Gerald Govan,West,1970,ABA,TRUE,Yes
Spencer Haywood1970,haywosp01,Spencer Haywood,West,1970,ABA,FALSE,Yes
Warren Jabali1970,jabalwa01,Warren Jabali,West,1970,ABA,FALSE,Yes
Jimmy Jones1970,jonesji01,Jimmy Jones,West,1970,ABA,FALSE,Yes
Larry Jones1970,jonesla01,Larry Jones,West,1970,ABA,FALSE,Yes
Steve Jones1970,jonesst01,Steve Jones,West,1970,ABA,FALSE,Yes
Cincy Powell1970,powelci01,Cincy Powell,West,1970,ABA,FALSE,Yes
Red Robbins1970,robbire01,Red Robbins,West,1970,ABA,TRUE,Yes
Kareem Abdul-Jabbar1970,abdulka01,Kareem Abdul-Jabbar,East,1970,NBA,FALSE,Yes
Billy Cunningham1970,cunnibi01,Billy Cunningham,East,1970,NBA,FALSE,Yes
Dave DeBusschere1970,debusda01,Dave DeBusschere,East,1970,NBA,FALSE,Yes
Walt Frazier1970,fraziwa01,Walt Frazier,East,1970,NBA,FALSE,Yes
Hal Greer1970,greerha01,Hal Greer,East,1970,NBA,FALSE,Yes
John Havlicek1970,havlijo01,John Havlicek,East,1970,NBA,FALSE,Yes
Gus Johnson1970,johnsgu01,Gus Johnson,East,1970,NBA,FALSE,Yes
Willis Reed1970,reedwi01,Willis Reed,East,1970,NBA,FALSE,Yes
Oscar Robertson1970,roberos01,Oscar Robertson,East,1970,NBA,FALSE,Yes
Flynn Robinson1970,robinfl01,Flynn Robinson,East,1970,NBA,FALSE,Yes
Tom Van Arsdale1970,varto01,Tom Van Arsdale,East,1970,NBA,FALSE,Yes
Jimmy Walker1970,walkeji01,Jimmy Walker,East,1970,NBA,FALSE,Yes
Elgin Baylor1970,bayloel01,Elgin Baylor,West,1970,NBA,FALSE,Yes
Bill Bridges1970,bridgbi01,Bill Bridges,West,1970,NBA,FALSE,Yes
Joe Caldwell1970,caldwjo01,Joe Caldwell,West,1970,NBA,FALSE,Yes
Connie Hawkins1970,hawkico01,Connie Hawkins,West,1970,NBA,FALSE,Yes
Elvin Hayes1970,hayesel01,Elvin Hayes,West,1970,NBA,FALSE,Yes
Lou Hudson1970,hudsolo01,Lou Hudson,West,1970,NBA,FALSE,Yes
Jeff Mullins1970,mullije01,Jeff Mullins,West,1970,NBA,FALSE,Yes
Bob Rule1970,rulebo01,Bob Rule,West,1970,NBA,TRUE,Yes
te Thurmond1970,thurm01,te Thurmond,West,1970,NBA,TRUE,Yes
Dick Van Arsdale1970,vardi01,Dick Van Arsdale,West,1970,NBA,FALSE,Yes
Chet Walker1970,walkech01,Chet Walker,West,1970,NBA,FALSE,Yes
Jerry West1970,westje01,Jerry West,West,1970,NBA,FALSE,Yes
Lenny Wilkens1970,wilkele01,Lenny Wilkens,West,1970,NBA,FALSE,Yes
Darel Carrier1969,carrida01,Darel Carrier,East,1969,ABA,FALSE,Yes
Louie Dampier1969,dampilo01,Louie Dampier,East,1969,ABA,FALSE,Yes
Mel Daniels1969,danieme01,Mel Daniels,East,1969,ABA,FALSE,Yes
Donnie Freeman1969,freemdo01,Donnie Freeman,East,1969,ABA,FALSE,Yes
Connie Hawkins1969,hawkico01,Connie Hawkins,East,1969,ABA,TRUE,Yes
Art Heyman1969,heymaar01,Art Heyman,East,1969,ABA,TRUE,Yes
Les Hunter1969,huntele01,Les Hunter,East,1969,ABA,FALSE,Yes
Goose Ligon1969,ligongo01,Goose Ligon,East,1969,ABA,FALSE,Yes
Bob Netolicky1969,netolbo01,Bob Netolicky,East,1969,ABA,FALSE,Yes
Walt Simon1969,simonwa01,Walt Simon,East,1969,ABA,FALSE,Yes
Skip Thoren1969,thoresk01,Skip Thoren,East,1969,ABA,FALSE,Yes
Trooper Washington1969,washitr01,Trooper Washington,East,1969,ABA,FALSE,Yes
Charlie Williams1969,willich01,Charlie Williams,East,1969,ABA,FALSE,Yes
Rick Barry1969,barryri01,Rick Barry,West,1969,ABA,FALSE,Yes
John Beasley1969,beasljo01,John Beasley,West,1969,ABA,FALSE,Yes
Byron Beck1969,beckby01,Byron Beck,West,1969,ABA,FALSE,Yes
Larry Brown1969,brownla01,Larry Brown,West,1969,ABA,FALSE,Yes
Warren Davis1969,daviswa02,Warren Davis,West,1969,ABA,FALSE,Yes
Wayne Hightower1969,hightwa01,Wayne Hightower,West,1969,ABA,FALSE,Yes
Merv Jackson1969,jacksme01,Merv Jackson,West,1969,ABA,FALSE,Yes
Jimmy Jones1969,jonesji01,Jimmy Jones,West,1969,ABA,FALSE,Yes
Larry Jones1969,jonesla01,Larry Jones,West,1969,ABA,FALSE,Yes
Doug Moe1969,moedo01,Doug Moe,West,1969,ABA,FALSE,Yes
Red Robbins1969,robbire01,Red Robbins,West,1969,ABA,FALSE,Yes
Willie Somerset1969,somerwi01,Willie Somerset,West,1969,ABA,FALSE,Yes
Dave Bing1969,bingda01,Dave Bing,East,1969,NBA,FALSE,Yes
Billy Cunningham1969,cunnibi01,Billy Cunningham,East,1969,NBA,FALSE,Yes
Hal Greer1969,greerha01,Hal Greer,East,1969,NBA,FALSE,Yes
John Havlicek1969,havlijo01,John Havlicek,East,1969,NBA,FALSE,Yes
Gus Johnson1969,johnsgu01,Gus Johnson,East,1969,NBA,FALSE,Yes
Jerry Lucas1969,lucasje01,Jerry Lucas,East,1969,NBA,FALSE,Yes
Jon McGlocklin1969,mcglojo01,Jon McGlocklin,East,1969,NBA,FALSE,Yes
Earl Monroe1969,monroea01,Earl Monroe,East,1969,NBA,FALSE,Yes
Willis Reed1969,reedwi01,Willis Reed,East,1969,NBA,FALSE,Yes
Oscar Robertson1969,roberos01,Oscar Robertson,East,1969,NBA,FALSE,Yes
Bill Russell1969,russebi01,Bill Russell,East,1969,NBA,FALSE,Yes
Wes Unseld1969,unselwe01,Wes Unseld,East,1969,NBA,FALSE,Yes
Elgin Baylor1969,bayloel01,Elgin Baylor,West,1969,NBA,FALSE,Yes
Joe Caldwell1969,caldwjo01,Joe Caldwell,West,1969,NBA,FALSE,Yes
Wilt Chamberlain1969,chambwi01,Wilt Chamberlain,West,1969,NBA,FALSE,Yes
Gail Goodrich1969,goodrga01,Gail Goodrich,West,1969,NBA,TRUE,Yes
Elvin Hayes1969,hayesel01,Elvin Hayes,West,1969,NBA,FALSE,Yes
Lou Hudson1969,hudsolo01,Lou Hudson,West,1969,NBA,FALSE,Yes
Don Kojis1969,kojisdo01,Don Kojis,West,1969,NBA,FALSE,Yes
Rudy LaRusso1969,larusru01,Rudy LaRusso,West,1969,NBA,FALSE,Yes
Jeff Mullins1969,mullije01,Jeff Mullins,West,1969,NBA,FALSE,Yes
Jerry Sloan1969,sloanje01,Jerry Sloan,West,1969,NBA,FALSE,Yes
Dick Van Arsdale1969,vardi01,Dick Van Arsdale,West,1969,NBA,FALSE,Yes
Jerry West1969,westje01,Jerry West,West,1969,NBA,TRUE,Yes
Lenny Wilkens1969,wilkele01,Lenny Wilkens,West,1969,NBA,FALSE,Yes
Roger Brown1968,brownro01,Roger Brown,East,1968,ABA,FALSE,Yes
Darel Carrier1968,carrida01,Darel Carrier,East,1968,ABA,FALSE,Yes
Louie Dampier1968,dampilo01,Louie Dampier,East,1968,ABA,FALSE,Yes
Mel Daniels1968,danieme01,Mel Daniels,East,1968,ABA,FALSE,Yes
Donnie Freeman1968,freemdo01,Donnie Freeman,East,1968,ABA,FALSE,Yes
Connie Hawkins1968,hawkico01,Connie Hawkins,East,1968,ABA,FALSE,Yes
Les Hunter1968,huntele01,Les Hunter,East,1968,ABA,FALSE,Yes
Tony Jackson1968,jacksto01,Tony Jackson,East,1968,ABA,FALSE,Yes
Freddie Lewis1968,lewisfr02,Freddie Lewis,East,1968,ABA,FALSE,Yes
Randy Mahaffey1968,mahafra01,Randy Mahaffey,East,1968,ABA,FALSE,Yes
Bob Netolicky1968,netolbo01,Bob Netolicky,East,1968,ABA,FALSE,Yes
Chico Vaughn1968,vaughch01,Chico Vaughn,East,1968,ABA,FALSE,Yes
John Beasley1968,beasljo01,John Beasley,West,1968,ABA,FALSE,Yes
Art Becker1968,beckear01,Art Becker,West,1968,ABA,FALSE,Yes
Larry Brown1968,brownla01,Larry Brown,West,1968,ABA,FALSE,Yes
Larry Bunce1968,buncela01,Larry Bunce,West,1968,ABA,FALSE,Yes
Cliff Hagan1968,hagancl01,Cliff Hagan,West,1968,ABA,FALSE,Yes
Jimmy Jones1968,jonesji01,Jimmy Jones,West,1968,ABA,FALSE,Yes
Larry Jones1968,jonesla01,Larry Jones,West,1968,ABA,FALSE,Yes
Dewitt Menyard1968,menyade01,Dewitt Menyard,West,1968,ABA,FALSE,Yes
Doug Moe1968,moedo01,Doug Moe,West,1968,ABA,FALSE,Yes
Red Robbins1968,robbire01,Red Robbins,West,1968,ABA,FALSE,Yes
Levern Tart1968,tartle01,Levern Tart,West,1968,ABA,FALSE,Yes
Bob Verga1968,vergabo01,Bob Verga,West,1968,ABA,TRUE,Yes
Ben Warley1968,warlebe01,Ben Warley,West,1968,ABA,FALSE,Yes
Dick Barnett1968,barnedi01,Dick Barnett,East,1968,NBA,FALSE,Yes
Dave Bing1968,bingda01,Dave Bing,East,1968,NBA,FALSE,Yes
Wilt Chamberlain1968,chambwi01,Wilt Chamberlain,East,1968,NBA,FALSE,Yes
Dave DeBusschere1968,debusda01,Dave DeBusschere,East,1968,NBA,FALSE,Yes
Hal Greer1968,greerha01,Hal Greer,East,1968,NBA,FALSE,Yes
John Havlicek1968,havlijo01,John Havlicek,East,1968,NBA,FALSE,Yes
Gus Johnson1968,johnsgu01,Gus Johnson,East,1968,NBA,FALSE,Yes
Sam Jones1968,jonessa01,Sam Jones,East,1968,NBA,FALSE,Yes
Jerry Lucas1968,lucasje01,Jerry Lucas,East,1968,NBA,FALSE,Yes
Willis Reed1968,reedwi01,Willis Reed,East,1968,NBA,FALSE,Yes
Oscar Robertson1968,roberos01,Oscar Robertson,East,1968,NBA,FALSE,Yes
Bill Russell1968,russebi01,Bill Russell,East,1968,NBA,FALSE,Yes
Walt Hazzard1968,abdulma01,Walt Hazzard,West,1968,NBA,FALSE,Yes
Elgin Baylor1968,bayloel01,Elgin Baylor,West,1968,NBA,FALSE,Yes
Zelmo Beaty1968,beatyze01,Zelmo Beaty,West,1968,NBA,FALSE,Yes
Bob Boozer1968,boozebo01,Bob Boozer,West,1968,NBA,FALSE,Yes
Bill Bridges1968,bridgbi01,Bill Bridges,West,1968,NBA,FALSE,Yes
Archie Clark1968,clarkar01,Archie Clark,West,1968,NBA,FALSE,Yes
Jim King1968,kingji01,Jim King,West,1968,NBA,FALSE,Yes
Don Kojis1968,kojisdo01,Don Kojis,West,1968,NBA,FALSE,Yes
Rudy LaRusso1968,larusru01,Rudy LaRusso,West,1968,NBA,FALSE,Yes
Clyde Lee1968,leecl01,Clyde Lee,West,1968,NBA,TRUE,Yes
te Thurmond1968,thurm01,te Thurmond,West,1968,NBA,TRUE,Yes
Jerry West1968,westje01,Jerry West,West,1968,NBA,FALSE,Yes
Lenny Wilkens1968,wilkele01,Lenny Wilkens,West,1968,NBA,FALSE,Yes
Wilt Chamberlain1967,chambwi01,Wilt Chamberlain,East,1967,NBA,FALSE,Yes
Hal Greer1967,greerha01,Hal Greer,East,1967,NBA,FALSE,Yes
John Havlicek1967,havlijo01,John Havlicek,East,1967,NBA,FALSE,Yes
Bailey Howell1967,howelba01,Bailey Howell,East,1967,NBA,FALSE,Yes
Jerry Lucas1967,lucasje01,Jerry Lucas,East,1967,NBA,FALSE,Yes
Don Ohl1967,ohldo01,Don Ohl,East,1967,NBA,FALSE,Yes
Willis Reed1967,reedwi01,Willis Reed,East,1967,NBA,FALSE,Yes
Oscar Robertson1967,roberos01,Oscar Robertson,East,1967,NBA,FALSE,Yes
Bill Russell1967,russebi01,Bill Russell,East,1967,NBA,FALSE,Yes
Chet Walker1967,walkech01,Chet Walker,East,1967,NBA,FALSE,Yes
Rick Barry1967,barryri01,Rick Barry,West,1967,NBA,FALSE,Yes
Elgin Baylor1967,bayloel01,Elgin Baylor,West,1967,NBA,FALSE,Yes
Bill Bridges1967,bridgbi01,Bill Bridges,West,1967,NBA,FALSE,Yes
Dave DeBusschere1967,debusda01,Dave DeBusschere,West,1967,NBA,FALSE,Yes
Darrall Imhoff1967,imhofda01,Darrall Imhoff,West,1967,NBA,FALSE,Yes
Guy Rodgers1967,rodgegu01,Guy Rodgers,West,1967,NBA,FALSE,Yes
Jerry Sloan1967,sloanje01,Jerry Sloan,West,1967,NBA,FALSE,Yes
te Thurmond1967,thurm01,te Thurmond,West,1967,NBA,FALSE,Yes
Jerry West1967,westje01,Jerry West,West,1967,NBA,FALSE,Yes
Lenny Wilkens1967,wilkele01,Lenny Wilkens,West,1967,NBA,FALSE,Yes
Wilt Chamberlain1966,chambwi01,Wilt Chamberlain,East,1966,NBA,FALSE,Yes
Hal Greer1966,greerha01,Hal Greer,East,1966,NBA,FALSE,Yes
John Havlicek1966,havlijo01,John Havlicek,East,1966,NBA,FALSE,Yes
Sam Jones1966,jonessa01,Sam Jones,East,1966,NBA,FALSE,Yes
Jerry Lucas1966,lucasje01,Jerry Lucas,East,1966,NBA,FALSE,Yes
Willis Reed1966,reedwi01,Willis Reed,East,1966,NBA,FALSE,Yes
Oscar Robertson1966,roberos01,Oscar Robertson,East,1966,NBA,FALSE,Yes
Bill Russell1966,russebi01,Bill Russell,East,1966,NBA,FALSE,Yes
Adrian Smith1966,smithad01,Adrian Smith,East,1966,NBA,FALSE,Yes
Chet Walker1966,walkech01,Chet Walker,East,1966,NBA,FALSE,Yes
Rick Barry1966,barryri01,Rick Barry,West,1966,NBA,FALSE,Yes
Zelmo Beaty1966,beatyze01,Zelmo Beaty,West,1966,NBA,FALSE,Yes
Dave DeBusschere1966,debusda01,Dave DeBusschere,West,1966,NBA,FALSE,Yes
Bailey Howell1966,howelba01,Bailey Howell,West,1966,NBA,FALSE,Yes
Rudy LaRusso1966,larusru01,Rudy LaRusso,West,1966,NBA,FALSE,Yes
Eddie Miles1966,milesed01,Eddie Miles,West,1966,NBA,FALSE,Yes
Don Ohl1966,ohldo01,Don Ohl,West,1966,NBA,FALSE,Yes
Guy Rodgers1966,rodgegu01,Guy Rodgers,West,1966,NBA,FALSE,Yes
te Thurmond1966,thurm01,te Thurmond,West,1966,NBA,FALSE,Yes
Jerry West1966,westje01,Jerry West,West,1966,NBA,FALSE,Yes
Larry Costello1965,costela01,Larry Costello,East,1965,NBA,FALSE,Yes
Wayne Embry1965,embrywa01,Wayne Embry,East,1965,NBA,FALSE,Yes
Johnny Green1965,greenjo01,Johnny Green,East,1965,NBA,TRUE,Yes
Hal Greer1965,greerha01,Hal Greer,East,1965,NBA,FALSE,Yes
Tom Heinsohn1965,heinsto01,Tom Heinsohn,East,1965,NBA,TRUE,Yes
Luke Jackson1965,jackslu01,Luke Jackson,East,1965,NBA,FALSE,Yes
Sam Jones1965,jonessa01,Sam Jones,East,1965,NBA,FALSE,Yes
Jerry Lucas1965,lucasje01,Jerry Lucas,East,1965,NBA,FALSE,Yes
Willis Reed1965,reedwi01,Willis Reed,East,1965,NBA,FALSE,Yes
Oscar Robertson1965,roberos01,Oscar Robertson,East,1965,NBA,FALSE,Yes
Bill Russell1965,russebi01,Bill Russell,East,1965,NBA,FALSE,Yes
Elgin Baylor1965,bayloel01,Elgin Baylor,West,1965,NBA,FALSE,Yes
Walt Bellamy1965,bellawa01,Walt Bellamy,West,1965,NBA,FALSE,Yes
Wilt Chamberlain1965,chambwi01,Wilt Chamberlain,West,1965,NBA,FALSE,Yes
Terry Dischinger1965,dischte01,Terry Dischinger,West,1965,NBA,FALSE,Yes
Gus Johnson1965,johnsgu01,Gus Johnson,West,1965,NBA,FALSE,Yes
Don Ohl1965,ohldo01,Don Ohl,West,1965,NBA,FALSE,Yes
Bob Pettit1965,pettibo01,Bob Pettit,West,1965,NBA,FALSE,Yes
te Thurmond1965,thurm01,te Thurmond,West,1965,NBA,FALSE,Yes
Jerry West1965,westje01,Jerry West,West,1965,NBA,FALSE,Yes
Lenny Wilkens1965,wilkele01,Lenny Wilkens,West,1965,NBA,FALSE,Yes
Len Chappell1964,chapple01,Len Chappell,East,1964,NBA,FALSE,Yes
Wayne Embry1964,embrywa01,Wayne Embry,East,1964,NBA,FALSE,Yes
Tom Gola1964,golato01,Tom Gola,East,1964,NBA,FALSE,Yes
Hal Greer1964,greerha01,Hal Greer,East,1964,NBA,FALSE,Yes
Tom Heinsohn1964,heinsto01,Tom Heinsohn,East,1964,NBA,FALSE,Yes
Sam Jones1964,jonessa01,Sam Jones,East,1964,NBA,FALSE,Yes
Jerry Lucas1964,lucasje01,Jerry Lucas,East,1964,NBA,FALSE,Yes
Oscar Robertson1964,roberos01,Oscar Robertson,East,1964,NBA,FALSE,Yes
Bill Russell1964,russebi01,Bill Russell,East,1964,NBA,FALSE,Yes
Chet Walker1964,walkech01,Chet Walker,East,1964,NBA,FALSE,Yes
Elgin Baylor1964,bayloel01,Elgin Baylor,West,1964,NBA,FALSE,Yes
Walt Bellamy1964,bellawa01,Walt Bellamy,West,1964,NBA,FALSE,Yes
Wilt Chamberlain1964,chambwi01,Wilt Chamberlain,West,1964,NBA,FALSE,Yes
Terry Dischinger1964,dischte01,Terry Dischinger,West,1964,NBA,FALSE,Yes
Bailey Howell1964,howelba01,Bailey Howell,West,1964,NBA,FALSE,Yes
Don Ohl1964,ohldo01,Don Ohl,West,1964,NBA,FALSE,Yes
Bob Pettit1964,pettibo01,Bob Pettit,West,1964,NBA,FALSE,Yes
Guy Rodgers1964,rodgegu01,Guy Rodgers,West,1964,NBA,FALSE,Yes
Jerry West1964,westje01,Jerry West,West,1964,NBA,FALSE,Yes
Lenny Wilkens1964,wilkele01,Lenny Wilkens,West,1964,NBA,FALSE,Yes
Bob Cousy1963,cousybo01,Bob Cousy,East,1963,NBA,FALSE,Yes
Wayne Embry1963,embrywa01,Wayne Embry,East,1963,NBA,TRUE,Yes
Tom Gola1963,golato01,Tom Gola,East,1963,NBA,FALSE,Yes
Johnny Green1963,greenjo01,Johnny Green,East,1963,NBA,FALSE,Yes
Hal Greer1963,greerha01,Hal Greer,East,1963,NBA,FALSE,Yes
Richie Guerin1963,gueriri01,Richie Guerin,East,1963,NBA,FALSE,Yes
Tom Heinsohn1963,heinsto01,Tom Heinsohn,East,1963,NBA,FALSE,Yes
Red Kerr1963,kerrre01,Red Kerr,East,1963,NBA,FALSE,Yes
Oscar Robertson1963,roberos01,Oscar Robertson,East,1963,NBA,FALSE,Yes
Bill Russell1963,russebi01,Bill Russell,East,1963,NBA,FALSE,Yes
Lee Shaffer1963,shaffle01,Lee Shaffer,East,1963,NBA,FALSE,Yes
Jack Twyman1963,twymaja01,Jack Twyman,East,1963,NBA,FALSE,Yes
Elgin Baylor1963,bayloel01,Elgin Baylor,West,1963,NBA,FALSE,Yes
Walt Bellamy1963,bellawa01,Walt Bellamy,West,1963,NBA,FALSE,Yes
Wilt Chamberlain1963,chambwi01,Wilt Chamberlain,West,1963,NBA,FALSE,Yes
Terry Dischinger1963,dischte01,Terry Dischinger,West,1963,NBA,FALSE,Yes
Bailey Howell1963,howelba01,Bailey Howell,West,1963,NBA,FALSE,Yes
Rudy LaRusso1963,larusru01,Rudy LaRusso,West,1963,NBA,FALSE,Yes
Tom Meschery1963,meschto01,Tom Meschery,West,1963,NBA,FALSE,Yes
Don Ohl1963,ohldo01,Don Ohl,West,1963,NBA,FALSE,Yes
Bob Pettit1963,pettibo01,Bob Pettit,West,1963,NBA,FALSE,Yes
Guy Rodgers1963,rodgegu01,Guy Rodgers,West,1963,NBA,FALSE,Yes
Jerry West1963,westje01,Jerry West,West,1963,NBA,FALSE,Yes
Lenny Wilkens1963,wilkele01,Lenny Wilkens,West,1963,NBA,FALSE,Yes
Paul Arizin1962,arizipa01,Paul Arizin,East,1962,NBA,FALSE,Yes
Wilt Chamberlain1962,chambwi01,Wilt Chamberlain,East,1962,NBA,FALSE,Yes
Larry Costello1962,costela01,Larry Costello,East,1962,NBA,TRUE,Yes
Bob Cousy1962,cousybo01,Bob Cousy,East,1962,NBA,FALSE,Yes
Tom Gola1962,golato01,Tom Gola,East,1962,NBA,TRUE,Yes
Johnny Green1962,greenjo01,Johnny Green,East,1962,NBA,TRUE,Yes
Hal Greer1962,greerha01,Hal Greer,East,1962,NBA,FALSE,Yes
Richie Guerin1962,gueriri01,Richie Guerin,East,1962,NBA,FALSE,Yes
Tom Heinsohn1962,heinsto01,Tom Heinsohn,East,1962,NBA,FALSE,Yes
Sam Jones1962,jonessa01,Sam Jones,East,1962,NBA,TRUE,Yes
Willie ulls1962,ullwi01,Willie ulls,East,1962,NBA,FALSE,Yes
Bill Russell1962,russebi01,Bill Russell,East,1962,NBA,FALSE,Yes
Dolph Schayes1962,schaydo01,Dolph Schayes,East,1962,NBA,FALSE,Yes
Elgin Baylor1962,bayloel01,Elgin Baylor,West,1962,NBA,FALSE,Yes
Walt Bellamy1962,bellawa01,Walt Bellamy,West,1962,NBA,FALSE,Yes
Wayne Embry1962,embrywa01,Wayne Embry,West,1962,NBA,FALSE,Yes
Cliff Hagan1962,hagancl01,Cliff Hagan,West,1962,NBA,FALSE,Yes
Bailey Howell1962,howelba01,Bailey Howell,West,1962,NBA,FALSE,Yes
Rudy LaRusso1962,larusru01,Rudy LaRusso,West,1962,NBA,TRUE,Yes
Bob Pettit1962,pettibo01,Bob Pettit,West,1962,NBA,FALSE,Yes
Oscar Robertson1962,roberos01,Oscar Robertson,West,1962,NBA,FALSE,Yes
Frank Selvy1962,selvyfr01,Frank Selvy,West,1962,NBA,FALSE,Yes
Gene Shue1962,shuege01,Gene Shue,West,1962,NBA,FALSE,Yes
Jack Twyman1962,twymaja01,Jack Twyman,West,1962,NBA,FALSE,Yes
Jerry West1962,westje01,Jerry West,West,1962,NBA,FALSE,Yes
Paul Arizin1961,arizipa01,Paul Arizin,East,1961,NBA,FALSE,Yes
Wilt Chamberlain1961,chambwi01,Wilt Chamberlain,East,1961,NBA,FALSE,Yes
Larry Costello1961,costela01,Larry Costello,East,1961,NBA,FALSE,Yes
Bob Cousy1961,cousybo01,Bob Cousy,East,1961,NBA,FALSE,Yes
Tom Gola1961,golato01,Tom Gola,East,1961,NBA,FALSE,Yes
Hal Greer1961,greerha01,Hal Greer,East,1961,NBA,FALSE,Yes
Richie Guerin1961,gueriri01,Richie Guerin,East,1961,NBA,FALSE,Yes
Tom Heinsohn1961,heinsto01,Tom Heinsohn,East,1961,NBA,FALSE,Yes
Willie ulls1961,ullwi01,Willie ulls,East,1961,NBA,FALSE,Yes
Bill Russell1961,russebi01,Bill Russell,East,1961,NBA,FALSE,Yes
Dolph Schayes1961,schaydo01,Dolph Schayes,East,1961,NBA,FALSE,Yes
Elgin Baylor1961,bayloel01,Elgin Baylor,West,1961,NBA,FALSE,Yes
Walter Dukes1961,dukeswa01,Walter Dukes,West,1961,NBA,FALSE,Yes
Wayne Embry1961,embrywa01,Wayne Embry,West,1961,NBA,FALSE,Yes
Cliff Hagan1961,hagancl01,Cliff Hagan,West,1961,NBA,FALSE,Yes
Bailey Howell1961,howelba01,Bailey Howell,West,1961,NBA,FALSE,Yes
Hot Rod Hundley1961,hundlho01,Hot Rod Hundley,West,1961,NBA,FALSE,Yes
Clyde Lovellette1961,lovelcl01,Clyde Lovellette,West,1961,NBA,FALSE,Yes
Bob Pettit1961,pettibo01,Bob Pettit,West,1961,NBA,FALSE,Yes
Oscar Robertson1961,roberos01,Oscar Robertson,West,1961,NBA,FALSE,Yes
Gene Shue1961,shuege01,Gene Shue,West,1961,NBA,FALSE,Yes
Jerry West1961,westje01,Jerry West,West,1961,NBA,FALSE,Yes
Paul Arizin1960,arizipa01,Paul Arizin,East,1960,NBA,TRUE,Yes
Wilt Chamberlain1960,chambwi01,Wilt Chamberlain,East,1960,NBA,FALSE,Yes
Larry Costello1960,costela01,Larry Costello,East,1960,NBA,FALSE,Yes
Bob Cousy1960,cousybo01,Bob Cousy,East,1960,NBA,FALSE,Yes
Tom Gola1960,golato01,Tom Gola,East,1960,NBA,TRUE,Yes
Richie Guerin1960,gueriri01,Richie Guerin,East,1960,NBA,FALSE,Yes
Willie ulls1960,ullwi01,Willie ulls,East,1960,NBA,FALSE,Yes
Bill Russell1960,russebi01,Bill Russell,East,1960,NBA,FALSE,Yes
Dolph Schayes1960,schaydo01,Dolph Schayes,East,1960,NBA,FALSE,Yes
Bill Sharman1960,sharmbi01,Bill Sharman,East,1960,NBA,FALSE,Yes
George Yardley1960,yardlge01,George Yardley,East,1960,NBA,FALSE,Yes
Elgin Baylor1960,bayloel01,Elgin Baylor,West,1960,NBA,FALSE,Yes
Walter Dukes1960,dukeswa01,Walter Dukes,West,1960,NBA,FALSE,Yes
Dick Garmaker1960,garmadi01,Dick Garmaker,West,1960,NBA,FALSE,Yes
Cliff Hagan1960,hagancl01,Cliff Hagan,West,1960,NBA,FALSE,Yes
Hot Rod Hundley1960,hundlho01,Hot Rod Hundley,West,1960,NBA,FALSE,Yes
Clyde Lovellette1960,lovelcl01,Clyde Lovellette,West,1960,NBA,FALSE,Yes
Chuck Noble1960,noblech01,Chuck Noble,West,1960,NBA,FALSE,Yes
Bob Pettit1960,pettibo01,Bob Pettit,West,1960,NBA,FALSE,Yes
Gene Shue1960,shuege01,Gene Shue,West,1960,NBA,FALSE,Yes
Jack Twyman1960,twymaja01,Jack Twyman,West,1960,NBA,FALSE,Yes
Paul Arizin1959,arizipa01,Paul Arizin,East,1959,NBA,FALSE,Yes
Larry Costello1959,costela01,Larry Costello,East,1959,NBA,FALSE,Yes
Bob Cousy1959,cousybo01,Bob Cousy,East,1959,NBA,FALSE,Yes
Richie Guerin1959,gueriri01,Richie Guerin,East,1959,NBA,FALSE,Yes
Red Kerr1959,kerrre01,Red Kerr,East,1959,NBA,FALSE,Yes
Bill Russell1959,russebi01,Bill Russell,East,1959,NBA,FALSE,Yes
Woody Sauldsberry1959,sauldwo01,Woody Sauldsberry,East,1959,NBA,FALSE,Yes
Dolph Schayes1959,schaydo01,Dolph Schayes,East,1959,NBA,FALSE,Yes
Kenny Sears1959,searske01,Kenny Sears,East,1959,NBA,FALSE,Yes
Bill Sharman1959,sharmbi01,Bill Sharman,East,1959,NBA,FALSE,Yes
Elgin Baylor1959,bayloel01,Elgin Baylor,West,1959,NBA,FALSE,Yes
Larry Foust1959,foustla01,Larry Foust,West,1959,NBA,FALSE,Yes
Dick Garmaker1959,garmadi01,Dick Garmaker,West,1959,NBA,FALSE,Yes
Cliff Hagan1959,hagancl01,Cliff Hagan,West,1959,NBA,FALSE,Yes
Slater Martin1959,martisl01,Slater Martin,West,1959,NBA,FALSE,Yes
Dick McGuire1959,mcguidi01,Dick McGuire,West,1959,NBA,FALSE,Yes
Bob Pettit1959,pettibo01,Bob Pettit,West,1959,NBA,FALSE,Yes
Gene Shue1959,shuege01,Gene Shue,West,1959,NBA,FALSE,Yes
Jack Twyman1959,twymaja01,Jack Twyman,West,1959,NBA,FALSE,Yes
George Yardley1959,yardlge01,George Yardley,West,1959,NBA,FALSE,Yes
Paul Arizin1958,arizipa01,Paul Arizin,East,1958,NBA,FALSE,Yes
Larry Costello1958,costela01,Larry Costello,East,1958,NBA,FALSE,Yes
Bob Cousy1958,cousybo01,Bob Cousy,East,1958,NBA,FALSE,Yes
Richie Guerin1958,gueriri01,Richie Guerin,East,1958,NBA,FALSE,Yes
Neil Johnston1958,johnsne01,Neil Johnston,East,1958,NBA,FALSE,Yes
Willie ulls1958,ullwi01,Willie ulls,East,1958,NBA,FALSE,Yes
Bill Russell1958,russebi01,Bill Russell,East,1958,NBA,FALSE,Yes
Dolph Schayes1958,schaydo01,Dolph Schayes,East,1958,NBA,FALSE,Yes
Kenny Sears1958,searske01,Kenny Sears,East,1958,NBA,FALSE,Yes
Bill Sharman1958,sharmbi01,Bill Sharman,East,1958,NBA,FALSE,Yes
Larry Foust1958,foustla01,Larry Foust,West,1958,NBA,FALSE,Yes
Dick Garmaker1958,garmadi01,Dick Garmaker,West,1958,NBA,FALSE,Yes
Cliff Hagan1958,hagancl01,Cliff Hagan,West,1958,NBA,TRUE,Yes
Slater Martin1958,martisl01,Slater Martin,West,1958,NBA,FALSE,Yes
Dick McGuire1958,mcguidi01,Dick McGuire,West,1958,NBA,FALSE,Yes
Bob Pettit1958,pettibo01,Bob Pettit,West,1958,NBA,FALSE,Yes
Gene Shue1958,shuege01,Gene Shue,West,1958,NBA,FALSE,Yes
Maurice Stokes1958,stokema01,Maurice Stokes,West,1958,NBA,FALSE,Yes
Jack Twyman1958,twymaja01,Jack Twyman,West,1958,NBA,FALSE,Yes
George Yardley1958,yardlge01,George Yardley,West,1958,NBA,FALSE,Yes
Paul Arizin1957,arizipa01,Paul Arizin,East,1957,NBA,FALSE,Yes
Carl Braun1957,braunca01,Carl Braun,East,1957,NBA,FALSE,Yes
t Clifton1957,clift01,t Clifton,East,1957,NBA,FALSE,Yes
Bob Cousy1957,cousybo01,Bob Cousy,East,1957,NBA,FALSE,Yes
Harry Gallatin1957,gallaha01,Harry Gallatin,East,1957,NBA,FALSE,Yes
Jack George1957,georgja01,Jack George,East,1957,NBA,FALSE,Yes
Tom Heinsohn1957,heinsto01,Tom Heinsohn,East,1957,NBA,FALSE,Yes
Neil Johnston1957,johnsne01,Neil Johnston,East,1957,NBA,FALSE,Yes
Dolph Schayes1957,schaydo01,Dolph Schayes,East,1957,NBA,FALSE,Yes
Bill Sharman1957,sharmbi01,Bill Sharman,East,1957,NBA,FALSE,Yes
Dick Garmaker1957,garmadi01,Dick Garmaker,West,1957,NBA,FALSE,Yes
Mel Hutchins1957,hutchme01,Mel Hutchins,West,1957,NBA,FALSE,Yes
Clyde Lovellette1957,lovelcl01,Clyde Lovellette,West,1957,NBA,TRUE,Yes
Ed Macauley1957,macaued01,Ed Macauley,West,1957,NBA,FALSE,Yes
Slater Martin1957,martisl01,Slater Martin,West,1957,NBA,FALSE,Yes
Vern Mikkelsen1957,mikkeve01,Vern Mikkelsen,West,1957,NBA,TRUE,Yes
Bob Pettit1957,pettibo01,Bob Pettit,West,1957,NBA,FALSE,Yes
Richie Regan1957,reganri01,Richie Regan,West,1957,NBA,FALSE,Yes
Maurice Stokes1957,stokema01,Maurice Stokes,West,1957,NBA,FALSE,Yes
Jack Twyman1957,twymaja01,Jack Twyman,West,1957,NBA,FALSE,Yes
George Yardley1957,yardlge01,George Yardley,West,1957,NBA,FALSE,Yes
Paul Arizin1956,arizipa01,Paul Arizin,East,1956,NBA,FALSE,Yes
Carl Braun1956,braunca01,Carl Braun,East,1956,NBA,TRUE,Yes
Bob Cousy1956,cousybo01,Bob Cousy,East,1956,NBA,FALSE,Yes
Harry Gallatin1956,gallaha01,Harry Gallatin,East,1956,NBA,FALSE,Yes
Jack George1956,georgja01,Jack George,East,1956,NBA,FALSE,Yes
Neil Johnston1956,johnsne01,Neil Johnston,East,1956,NBA,FALSE,Yes
Red Kerr1956,kerrre01,Red Kerr,East,1956,NBA,TRUE,Yes
Ed Macauley1956,macaued01,Ed Macauley,East,1956,NBA,FALSE,Yes
Dick McGuire1956,mcguidi01,Dick McGuire,East,1956,NBA,FALSE,Yes
Dolph Schayes1956,schaydo01,Dolph Schayes,East,1956,NBA,FALSE,Yes
Bill Sharman1956,sharmbi01,Bill Sharman,East,1956,NBA,FALSE,Yes
Larry Foust1956,foustla01,Larry Foust,West,1956,NBA,FALSE,Yes
Bob Harrison1956,harribo02,Bob Harrison,West,1956,NBA,FALSE,Yes
Mel Hutchins1956,hutchme01,Mel Hutchins,West,1956,NBA,FALSE,Yes
Clyde Lovellette1956,lovelcl01,Clyde Lovellette,West,1956,NBA,FALSE,Yes
Slater Martin1956,martisl01,Slater Martin,West,1956,NBA,FALSE,Yes
Vern Mikkelsen1956,mikkeve01,Vern Mikkelsen,West,1956,NBA,FALSE,Yes
Bob Pettit1956,pettibo01,Bob Pettit,West,1956,NBA,FALSE,Yes
Maurice Stokes1956,stokema01,Maurice Stokes,West,1956,NBA,FALSE,Yes
Bobby Wanzer1956,wanzebo01,Bobby Wanzer,West,1956,NBA,FALSE,Yes
George Yardley1956,yardlge01,George Yardley,West,1956,NBA,FALSE,Yes
Paul Arizin1955,arizipa01,Paul Arizin,East,1955,NBA,FALSE,Yes
Carl Braun1955,braunca01,Carl Braun,East,1955,NBA,FALSE,Yes
Bob Cousy1955,cousybo01,Bob Cousy,East,1955,NBA,FALSE,Yes
Harry Gallatin1955,gallaha01,Harry Gallatin,East,1955,NBA,FALSE,Yes
Neil Johnston1955,johnsne01,Neil Johnston,East,1955,NBA,FALSE,Yes
Ed Macauley1955,macaued01,Ed Macauley,East,1955,NBA,FALSE,Yes
Dick McGuire1955,mcguidi01,Dick McGuire,East,1955,NBA,FALSE,Yes
Dolph Schayes1955,schaydo01,Dolph Schayes,East,1955,NBA,FALSE,Yes
Paul Seymour1955,seymopa01,Paul Seymour,East,1955,NBA,FALSE,Yes
Bill Sharman1955,sharmbi01,Bill Sharman,East,1955,NBA,FALSE,Yes
Jack Coleman1955,colemja01,Jack Coleman,West,1955,NBA,TRUE,Yes
Larry Foust1955,foustla01,Larry Foust,West,1955,NBA,FALSE,Yes
Slater Martin1955,martisl01,Slater Martin,West,1955,NBA,FALSE,Yes
Vern Mikkelsen1955,mikkeve01,Vern Mikkelsen,West,1955,NBA,FALSE,Yes
Bob Pettit1955,pettibo01,Bob Pettit,West,1955,NBA,FALSE,Yes
Andy Phillip1955,phillan01,Andy Phillip,West,1955,NBA,FALSE,Yes
Jim Pollard1955,pollaji01,Jim Pollard,West,1955,NBA,FALSE,Yes
Arnie Risen1955,riser01,Arnie Risen,West,1955,NBA,TRUE,Yes
Frank Selvy1955,selvyfr01,Frank Selvy,West,1955,NBA,FALSE,Yes
Bobby Wanzer1955,wanzebo01,Bobby Wanzer,West,1955,NBA,FALSE,Yes
George Yardley1955,yardlge01,George Yardley,West,1955,NBA,FALSE,Yes
Carl Braun1954,braunca01,Carl Braun,East,1954,NBA,FALSE,Yes
Bob Cousy1954,cousybo01,Bob Cousy,East,1954,NBA,FALSE,Yes
Ray Felix1954,felixra01,Ray Felix,East,1954,NBA,FALSE,Yes
Harry Gallatin1954,gallaha01,Harry Gallatin,East,1954,NBA,FALSE,Yes
Neil Johnston1954,johnsne01,Neil Johnston,East,1954,NBA,FALSE,Yes
Ed Macauley1954,macaued01,Ed Macauley,East,1954,NBA,FALSE,Yes
Dick McGuire1954,mcguidi01,Dick McGuire,East,1954,NBA,FALSE,Yes
Dolph Schayes1954,schaydo01,Dolph Schayes,East,1954,NBA,FALSE,Yes
Paul Seymour1954,seymopa01,Paul Seymour,East,1954,NBA,FALSE,Yes
Bill Sharman1954,sharmbi01,Bill Sharman,East,1954,NBA,FALSE,Yes
Bob Davies1954,daviebo01,Bob Davies,West,1954,NBA,FALSE,Yes
Larry Foust1954,foustla01,Larry Foust,West,1954,NBA,FALSE,Yes
Mel Hutchins1954,hutchme01,Mel Hutchins,West,1954,NBA,FALSE,Yes
Slater Martin1954,martisl01,Slater Martin,West,1954,NBA,FALSE,Yes
George Mikan1954,mikange01,George Mikan,West,1954,NBA,FALSE,Yes
Jack Molis1954,molinja01,Jack Molis,West,1954,NBA,TRUE,Yes
Andy Phillip1954,phillan01,Andy Phillip,West,1954,NBA,TRUE,Yes
Jim Pollard1954,pollaji01,Jim Pollard,West,1954,NBA,FALSE,Yes
Arnie Risen1954,riser01,Arnie Risen,West,1954,NBA,FALSE,Yes
Don Sunderlage1954,sundedo01,Don Sunderlage,West,1954,NBA,FALSE,Yes
Bobby Wanzer1954,wanzebo01,Bobby Wanzer,West,1954,NBA,FALSE,Yes
Don Barksdale1953,barksdo01,Don Barksdale,East,1953,NBA,FALSE,Yes
Carl Braun1953,braunca01,Carl Braun,East,1953,NBA,FALSE,Yes
Bob Cousy1953,cousybo01,Bob Cousy,East,1953,NBA,FALSE,Yes
Bill Gabor1953,gaborbi01,Bill Gabor,East,1953,NBA,TRUE,Yes
Harry Gallatin1953,gallaha01,Harry Gallatin,East,1953,NBA,FALSE,Yes
Neil Johnston1953,johnsne01,Neil Johnston,East,1953,NBA,FALSE,Yes
Ed Macauley1953,macaued01,Ed Macauley,East,1953,NBA,FALSE,Yes
Dolph Schayes1953,schaydo01,Dolph Schayes,East,1953,NBA,FALSE,Yes
Fred Scolari1953,scolafr01,Fred Scolari,East,1953,NBA,TRUE,Yes
Paul Seymour1953,seymopa01,Paul Seymour,East,1953,NBA,FALSE,Yes
Bill Sharman1953,sharmbi01,Bill Sharman,East,1953,NBA,FALSE,Yes
Leo Barnhorst1953,barnhle01,Leo Barnhorst,West,1953,NBA,FALSE,Yes
Bob Davies1953,daviebo01,Bob Davies,West,1953,NBA,FALSE,Yes
Larry Foust1953,foustla01,Larry Foust,West,1953,NBA,FALSE,Yes
Mel Hutchins1953,hutchme01,Mel Hutchins,West,1953,NBA,FALSE,Yes
Slater Martin1953,martisl01,Slater Martin,West,1953,NBA,FALSE,Yes
George Mikan1953,mikange01,George Mikan,West,1953,NBA,FALSE,Yes
Vern Mikkelsen1953,mikkeve01,Vern Mikkelsen,West,1953,NBA,FALSE,Yes
Andy Phillip1953,phillan01,Andy Phillip,West,1953,NBA,FALSE,Yes
Arnie Risen1953,riser01,Arnie Risen,West,1953,NBA,FALSE,Yes
Bobby Wanzer1953,wanzebo01,Bobby Wanzer,West,1953,NBA,FALSE,Yes
Paul Arizin1952,arizipa01,Paul Arizin,East,1952,NBA,FALSE,Yes
Bob Cousy1952,cousybo01,Bob Cousy,East,1952,NBA,FALSE,Yes
Joe Fulks1952,fulksjo01,Joe Fulks,East,1952,NBA,FALSE,Yes
Harry Gallatin1952,gallaha01,Harry Gallatin,East,1952,NBA,TRUE,Yes
Ed Macauley1952,macaued01,Ed Macauley,East,1952,NBA,FALSE,Yes
Dick McGuire1952,mcguidi01,Dick McGuire,East,1952,NBA,FALSE,Yes
Andy Phillip1952,phillan01,Andy Phillip,East,1952,NBA,FALSE,Yes
Red Rocha1952,rochare01,Red Rocha,East,1952,NBA,FALSE,Yes
Dolph Schayes1952,schaydo01,Dolph Schayes,East,1952,NBA,TRUE,Yes
Fred Scolari1952,scolafr01,Fred Scolari,East,1952,NBA,FALSE,Yes
Max Zaslofsky1952,zasloma01,Max Zaslofsky,East,1952,NBA,FALSE,Yes
Leo Barnhorst1952,barnhle01,Leo Barnhorst,West,1952,NBA,FALSE,Yes
Frankie Brian1952,brianfr01,Frankie Brian,West,1952,NBA,FALSE,Yes
Bob Davies1952,daviebo01,Bob Davies,West,1952,NBA,FALSE,Yes
Dike Eddleman1952,eddledi01,Dike Eddleman,West,1952,NBA,FALSE,Yes
Larry Foust1952,foustla01,Larry Foust,West,1952,NBA,TRUE,Yes
George Mikan1952,mikange01,George Mikan,West,1952,NBA,FALSE,Yes
Vern Mikkelsen1952,mikkeve01,Vern Mikkelsen,West,1952,NBA,FALSE,Yes
Jim Pollard1952,pollaji01,Jim Pollard,West,1952,NBA,FALSE,Yes
Arnie Risen1952,riser01,Arnie Risen,West,1952,NBA,TRUE,Yes
Paul Walther1952,walthpa01,Paul Walther,West,1952,NBA,FALSE,Yes
Bobby Wanzer1952,wanzebo01,Bobby Wanzer,West,1952,NBA,FALSE,Yes
Paul Arizin1951,arizipa01,Paul Arizin,East,1951,NBA,FALSE,Yes
Vince Boryla1951,borylvi01,Vince Boryla,East,1951,NBA,FALSE,Yes
Bob Cousy1951,cousybo01,Bob Cousy,East,1951,NBA,FALSE,Yes
Joe Fulks1951,fulksjo01,Joe Fulks,East,1951,NBA,FALSE,Yes
Harry Gallatin1951,gallaha01,Harry Gallatin,East,1951,NBA,FALSE,Yes
Ed Macauley1951,macaued01,Ed Macauley,East,1951,NBA,FALSE,Yes
Dick McGuire1951,mcguidi01,Dick McGuire,East,1951,NBA,FALSE,Yes
Andy Phillip1951,phillan01,Andy Phillip,East,1951,NBA,FALSE,Yes
Red Rocha1951,rochare01,Red Rocha,East,1951,NBA,FALSE,Yes
Dolph Schayes1951,schaydo01,Dolph Schayes,East,1951,NBA,FALSE,Yes
Ralph Beard1951,beardra01,Ralph Beard,West,1951,NBA,FALSE,Yes
Frankie Brian1951,brianfr01,Frankie Brian,West,1951,NBA,FALSE,Yes
Bob Davies1951,daviebo01,Bob Davies,West,1951,NBA,FALSE,Yes
Dike Eddleman1951,eddledi01,Dike Eddleman,West,1951,NBA,FALSE,Yes
Larry Foust1951,foustla01,Larry Foust,West,1951,NBA,FALSE,Yes
Alex Groza1951,grozaal01,Alex Groza,West,1951,NBA,FALSE,Yes
George Mikan1951,mikange01,George Mikan,West,1951,NBA,FALSE,Yes
Vern Mikkelsen1951,mikkeve01,Vern Mikkelsen,West,1951,NBA,FALSE,Yes
Jim Pollard1951,pollaji01,Jim Pollard,West,1951,NBA,FALSE,Yes
Fred Schaus1951,schaufr01,Fred Schaus,West,1951,NBA,FALSE,Yes
